"Title","Type","Availability","MSRP Currency","MSRP","Show Price Currency","Show Price","Publisher","Location","Priority","Notes","Thumbs","BGGId","BGGVersionId","Mfg Product Code","Release Date","Override Release Date","Events"
"Match Madness Flip","Standalone","For Sale","N/A","N/A","N/A","N/A","FoxMind","","N/A","N/A",5,"441869","751535","","0000-00-00","2025",""
"Bot or Not","Standalone","For Sale","N/A","N/A","N/A","N/A","Rabble","2140","N/A","N/A",6,"441005","750171","","2025-08-00","",""
"Up or Down?","Standalone","For Sale","USD",17,"N/A","N/A","Capstone Games","3027","N/A","N/A",93,"428058","749226","","2025-08-00","",""
"Meltwater","Standalone","For Sale","USD",35,"N/A","N/A","Capstone Games","3027","N/A","N/A",78,"250481","752600","","2025-08-00","",""
"Raising Chicago","Standalone","For Sale","USD",65,"N/A","N/A","Capstone Games","3027","N/A","N/A",118,"330579","748875","","2025-06-00","",""
"Galileo Galilei","Standalone","For Sale","USD",60,"N/A","N/A","Capstone Games","3027","N/A","N/A",292,"393333","731318","","2025-06-00","",""
"Tea Garden","Standalone","For Sale","USD",60,"N/A","N/A","Capstone Games","3027","N/A","N/A",195,"422042","732722","","2025-08-00","",""
"Suna Valo","Standalone","For Sale","USD",50,"N/A","N/A","Capstone Games","3027","N/A","N/A",153,"419384","759815","","2025-09-00","",""
"Nature","Standalone","For Sale","USD",35,"N/A","N/A","North Star Games, LLC","2713","N/A","N/A",567,"330152","549334","NSG-750","2025-08-00","",""
"Iliad","Standalone","For Sale","USD",30,"N/A","N/A","Bitewing Games","1352","N/A","N/A",171,"420914","713716","","2025-05-00","",""
"Ichor","Standalone","For Sale","USD",30,"N/A","N/A","Bitewing Games","1352","N/A","N/A",127,"420915","713717","","2025-05-00","",""
"SILOS","Standalone","For Sale","USD",55,"N/A","N/A","Bitewing Games","1352","N/A","N/A",118,"429765","0",,,,""
"EGO","Standalone","For Sale","USD",50,"N/A","N/A","Bitewing Games","1352","N/A","N/A",107,"429766","729642","","2025-10-00","",""
"ORBIT","Standalone","For Sale","USD",50,"N/A","N/A","Bitewing Games","1352","N/A","N/A",105,"429767","729643","","2025-10-00","",""
"Ahoy: Rivals & Renegades","Expansion","For Sale","USD",25,"N/A","N/A","Leder Games","643","N/A","N/A",99,"403656","685290","","2025-08-04","",""
"Ahoy: Fang & Fortune","Expansion","For Sale","USD",25,"N/A","N/A","Leder Games","643","N/A","N/A",110,"437871","743761","","2025-08-04","",""
"Oath: New Foundations","Expansion","Demo","N/A","N/A","N/A","N/A","Leder Games","643","N/A","N/A",98,"420719","713374","","2025-11-00","",""
"Natera: New Beginning","Standalone","Demo","N/A","N/A","N/A","N/A","Horizon Games","(See listing)","N/A","N/A",113,"379761","648715","","2025-10-00","",""
"Galactic Cruise","Standalone","For Sale","USD",119,"N/A","N/A","Kinson Key Games","2858","N/A","N/A",378,"391137","665523","GME-KKG-GC","2025-01-00","",""
"Galactic Cruise: Advancements","Expansion","For Sale","USD",25,"N/A","N/A","Kinson Key Games","2858","N/A","N/A",130,"414974","702793","DRNGC002","2025-02-00","",""
"Twinkle Twinkle","Standalone","For Sale","USD",39,"N/A","N/A","Allplay","1849","N/A","N/A",303,"408280","739071","","2025-10-00","",""
"Twinkle Twinkle: How I Wonder Expansion","Expansion","For Sale","USD",19,"N/A","N/A","Allplay","1849","N/A","N/A",204,"438392","744656","","2025-06-00","",""
"Ruins","Standalone","For Sale","USD",17,"N/A","N/A","Allplay","1849","N/A","N/A",528,"428635","727826","","2025-06-00","",""
"Oddland","Standalone","For Sale","USD",17,"N/A","N/A","Allplay","1849","N/A","N/A",277,"428636","727827","","2025-06-00","",""
"Oddland: The Big and the Bold","Expansion","For Sale","USD",7,"N/A","N/A","Allplay","1849","N/A","N/A",158,"431706","732989","","2025-06-00","",""
"Money!","Standalone","For Sale","USD",17,"N/A","N/A","Allplay","1849","N/A","N/A",225,"125","727830","DL24106","2025-06-00","",""
"Vegas Strip","Standalone","For Sale","USD",17,"N/A","N/A","Allplay","1849","N/A","N/A",229,"428638","727829","DL24104","2025-06-00","",""
"Wordsy","Standalone","For Sale","USD",17,"N/A","N/A","Allplay","1849","N/A","N/A",182,"208480","733021","","2025-09-00","",""
"Alibis","Standalone","For Sale","USD",17,"N/A","N/A","Allplay","1849","N/A","N/A",247,"435423","739075","","2025-05-00","",""
"For the Emperor","Standalone","For Sale","USD",9,"N/A","N/A","Allplay","1849","N/A","N/A",218,"435356","738988","","2025-06-00","",""
"Party Panda Pirates: Pandapalooza","Expansion","Demo","N/A","N/A","N/A","N/A","Detestable Games","621","N/A","N/A",216,"442332","752136","DAO-45104","2026-04-00","",""
"Bim Bam Bum","Standalone","Demo","N/A","N/A","N/A","N/A","Detestable Games","621","N/A","N/A",206,"441348","752144","","0000-00-00","Q4 2025",""
"Pirate King!","Standalone","Demo","N/A","N/A","N/A","N/A","Detestable Games","621","N/A","N/A",203,"428776","752141","DAO-44120","0000-00-00","Q4 2025",""
"Regroup! Panda Crew","Standalone","Demo","N/A","N/A","N/A","N/A","Detestable Games","621","N/A","N/A",196,"442318","752111","DAO-44115","0000-00-00","Q4 2025",""
"7th Sea: City of Five Sails – Fate and Fortune","Expansion","For Sale","USD",40,"N/A","N/A","Pine Box Entertainment","2942","N/A","N/A",10,"444693","756121","","2025-08-00","",""
"Doomtown: Whispers of War","Expansion","For Sale","USD",40,"N/A","N/A","Pine Box Entertainment","2942","N/A","N/A",12,"434297","0",,,,""
"AEGIS Combining Robots: Second Ignition","Standalone","For Sale","USD",65,"N/A","N/A","Zephyr Workshop","2438","N/A","N/A",16,"330005","549024","","2025-08-00","",""
"Refuge","Standalone","Demo","N/A","N/A","N/A","N/A","Bombyx","460","N/A","N/A",22,"428457","745946","REF01FREN/LON01","2025-06-00","",""
"Sea Salt & Paper: Extra Pepper","Expansion","Demo","N/A","N/A","N/A","N/A","Bombyx","460","N/A","N/A",317,"442250","752027","","2025-06-27","",""
"Pixies: Flower Power","Expansion","Demo","N/A","N/A","N/A","N/A","Bombyx","460","N/A","N/A",71,"441707","751318","","2025-07-00","",""
"Habemus Papam","Standalone","For Sale","USD",40,"N/A","N/A","Salt & Pepper Games","2765","N/A","N/A",152,"434283","737565","","2025-07-00","",""
"Escape from the Moon","Standalone","For Sale","USD",15,"N/A","N/A","Salt & Pepper Games","2765","N/A","N/A",87,"413998","719979","","2025-02-00","",""
"The Battle of the Divas","Standalone","Demo","N/A","N/A","N/A","N/A","Salt & Pepper Games","2765","N/A","N/A",131,"439547","747073","","2025-10-00","",""
"The Voynich Puzzle","Standalone","Demo","N/A","N/A","N/A","N/A","Salt & Pepper Games","2765","N/A","N/A",155,"439983","748139","","2025-11-00","",""
"Corgi Pileup","Standalone","For Sale","N/A","N/A","N/A","N/A","GameHead","1629","N/A","N/A",57,"436935","741733","","2025-07-00","",""
"No Loose Ends","Standalone","For Sale","N/A","N/A","N/A","N/A","GameHead","1629","N/A","N/A",113,"436936","741734","","2025-07-00","",""
"Venture Angels","Standalone","For Sale","N/A","N/A","N/A","N/A","GameHead","1629","N/A","N/A",24,"255695","741770","","2025-07-00","",""
"First-Class Letters","Standalone","For Sale","N/A","N/A","N/A","N/A","GameHead","1629","N/A","N/A",51,"436932","741730","","2025-07-00","",""
"Foolish Fool","Standalone","For Sale","N/A","N/A","N/A","N/A","GameHead","1629","N/A","N/A",19,"437008","742080","","2025-07-00","",""
"Trinket Trove","Standalone","For Sale","N/A","N/A","N/A","N/A","GameHead","1629","N/A","N/A",97,"436931","741729","","2025-07-00","",""
"Quorum","Standalone","For Sale","USD",30,"N/A","N/A","Devir","2811","N/A","N/A",111,"429851","729771","","2025-03-15","",""
"Fritanga","Standalone","For Sale","USD",25,"N/A","N/A","Devir","2811","N/A","N/A",86,"402678","683354","","2025-03-15","",""
"Moirai","Standalone","For Sale","USD",13,"N/A","N/A","Devir","2811","N/A","N/A",112,"429446","729086","","2025-03-15","",""
"The Lie","Standalone","For Sale","USD",13,"N/A","N/A","Devir","2811","N/A","N/A",96,"423677","718805","","2025-03-01","",""
"Match!","Standalone","For Sale","USD",13,"N/A","N/A","Devir","2811","N/A","N/A",62,"393888","735793","","2025-06-00","",""
"Tinco","Standalone","For Sale","USD",13,"N/A","N/A","Devir","2811","N/A","N/A",54,"102631","687110","","2025-05-01","",""
"Venturesome","Standalone","For Sale","USD",13,"N/A","N/A","Devir","2811","N/A","N/A",79,"366997","720445","","2025-05-01","",""
"All Aboard!","Standalone","For Sale","USD",13,"N/A","N/A","Devir","2811","N/A","N/A",124,"402674","683348","","2025-05-15","",""
"Transgalactica","Standalone","For Sale","USD",80,"N/A","N/A","Devir","2811","N/A","N/A",235,"429860","729790","","2025-05-31","",""
"Red Carpet","Standalone","For Sale","USD",35,"N/A","N/A","Devir","2811","N/A","N/A",168,"429849","729769","","2025-09-00","",""
"Galactic Cruise: Accommodations","Expansion","For Sale","USD",25,"N/A","N/A","Kinson Key Games","2858","N/A","N/A",133,"414976","702795","DRNGC003","2025-02-00","",""
"3-2-1 Countdown","Standalone","For Sale","USD",20,"N/A","N/A","Grandpa Beck's Games","2643","N/A","N/A",14,"436590","741191","","2025-03-01","",""
"Bouba/Kiki","Standalone","For Sale","USD",25,"N/A","N/A","Grand Gamers Guild","2946","N/A","N/A",127,"408945","693831","","2025-10-00","",""
"Inferno","Standalone","For Sale","USD",80,"N/A","N/A","Grand Gamers Guild","2946","N/A","N/A",251,"393165","715657","RM 017","2024-11-00","",""
"Ovation","Standalone","For Sale","USD",50,"N/A","N/A","Grand Gamers Guild","2946","N/A","N/A",127,"326264","540681","LGWOV01","2025-03-00","",""
"Pillars of Heracles","Standalone","For Sale","USD",60,"N/A","N/A","Grand Gamers Guild","2946","N/A","N/A",175,"391549","666287","","2025-05-00","",""
"Stroop","Standalone","For Sale","USD",16,"N/A","N/A","Grand Gamers Guild","2946","N/A","N/A",107,"212376","749717","","2025-10-00","",""
"S'mores Galore","Standalone","For Sale","USD",20,"N/A","N/A","Grand Gamers Guild","2946","N/A","N/A",100,"419206","710533","","2024-08-04","",""
"Party Panda Pirates","Standalone","For Sale","USD",60,"N/A","N/A","Detestable Games","621","N/A","N/A",249,"365119","620128","","2025-03-00","",""
"Polaris","Standalone","Demo","N/A","N/A","N/A","N/A","Detestable Games","621","N/A","N/A",93,"410774","696411","","2025-10-00","",""
"Last Lantern","Standalone","For Sale","USD",35,"N/A","N/A","Wonderful World Board Games","2657","N/A","N/A",49,"439519","747026","","2025-09-00","Q1 2026",""
"Dragonarium","Standalone","Demo","N/A","N/A","N/A","N/A","Wonderful World Board Games","2657","N/A","N/A",33,"439520","747027","","2026-04-15","",""
"Into the Machine","Standalone","Demo","N/A","N/A","N/A","N/A","Alderac Entertainment Group","403","N/A","N/A",65,"446670","759323","","2026-09-00","",""
"Codenames","Standalone","For Sale","USD",25,"N/A","N/A","Czech Games Edition (CGE)","1003, 245","N/A","N/A",59,"178900","760576","","2025-07-01","",""
"Codenames: Duet","Standalone","For Sale","USD",25,"N/A","N/A","Czech Games Edition (CGE)","1003, 245","N/A","N/A",60,"224037","760581","","2025-08-00","",""
"Galaxy Trucker: Do What?!","Expansion","For Sale","USD",30,"N/A","N/A","Czech Games Edition (CGE)","1003, 245","N/A","N/A",56,"445049","756744","CGE00132","2025-08-00","",""
"Lost Ruins of Arnak: Twisted Paths","Expansion","For Sale","USD",80,"N/A","N/A","Czech Games Edition (CGE)","1003, 245","N/A","N/A",342,"439816","747570","CGE00129","2025-07-00","",""
"Wispwood","Standalone","Demo","N/A","N/A","N/A","N/A","Czech Games Edition (CGE)","1003, 245","N/A","N/A",102,"445044","756734","CGE00133","2025-10-23","",""
"The Mandalorian: Adventures – Clan of Two Expansion","Expansion","For Sale","USD",45,"N/A","N/A","Unexpected Games","809, 817, 929, 1109 (asmodee)","N/A","N/A",56,"434138","737331","UG06","2025-06-06","",""
"Alliance","Standalone","For Sale","USD",100,"N/A","N/A","Columbia Games","338","N/A","N/A",17,"346606","578308","","2024-12-00","",""
"Ace of Spades","Standalone","For Sale","USD",30,"N/A","N/A","Devir","2811","N/A","N/A",352,"429861","729793","","2025-08-01","",""
"Deep Dreams","Standalone","Demo","N/A","N/A","N/A","N/A","Devir","2811","N/A","N/A",69,"429853","729774","","2025-10-00","",""
"The Guest","Standalone","Demo","N/A","N/A","N/A","N/A","Devir","2811","N/A","N/A",107,"429864","729803","","2025-10-00","",""
"Pirates of Maracaibo: Commanders","Expansion","For Sale","USD",35,"N/A","N/A","Capstone Games","3027","N/A","N/A",150,"424911","760736","","2025-09-00","",""
"Pagan: Through the Mist","Expansion","For Sale","USD",15,"N/A","N/A","Capstone Games","3027","N/A","N/A",51,"426676","760737","","2025-08-01","",""
"The Belgian Beers Race Dice","Standalone","For Sale","USD",30,"N/A","N/A","Grand Gamers Guild","2946","N/A","N/A",119,"369803","629697","","2023-10-00","",""
"Line of Fire: Burnt Moon","Standalone","For Sale","USD",35,"N/A","N/A","Osprey Games","2904","N/A","N/A",36,"427263","725404","","2025-06-12","",""
"Ofrenda","Standalone","For Sale","USD",60,"N/A","N/A","Osprey Games","2904","N/A","N/A",84,"432705","734613","","2025-07-10","",""
"General Orders: Sengoku Jidai","Standalone","For Sale","USD",45,"N/A","N/A","Osprey Games","2904","N/A","N/A",56,"434425","737808","","2025-09-18","",""
"Onoda","Standalone","For Sale","USD",40,"N/A","N/A","Salt & Pepper Games","2765","N/A","N/A",134,"426355","723813","","2025-07-00","",""
"Quebec 1759","Standalone","For Sale","USD",90,"N/A","N/A","Columbia Games","338","N/A","N/A",13,"85","739931","","2025-03-00","",""
"Thingstead","Standalone","For Sale","USD",25,"N/A","N/A","Salt & Pepper Games","2765","N/A","N/A",75,"421852","715538","","2024-10-06","",""
"Lunar Skyline","Standalone","For Sale","USD",30,"N/A","N/A","Dead Alive Games","2766","N/A","N/A",32,"426665","724390","","2025-07-10","",""
"Cat Rescue (Second Edition)","Standalone","For Sale","USD",19,"N/A","N/A","Dead Alive Games","2766","N/A","N/A",34,"446478","759011","","2025-10-01","",""
"Kittens in Space","Standalone","Demo","N/A","N/A","N/A","N/A","Dead Alive Games","2766","N/A","N/A",15,"446480","759014","","2025-12-00","",""
"Whale Riders","Standalone","For Sale","N/A","N/A","N/A","N/A","APE Games","2549","N/A","N/A",59,"305761","735339","","2025-11-00","",""
"Whale Riders: The Card Game","Standalone","For Sale","N/A","N/A","N/A","N/A","APE Games","2549","N/A","N/A",24,"310031","735338","","2025-11-00","",""
"Storytailors","Standalone","For Sale","N/A","N/A","N/A","N/A","APE Games","2549","N/A","N/A",16,"287591","740181","APE4400","2025-11-00","",""
"Ivion: The Falcon & The Snake","Standalone","For Sale","N/A","N/A","N/A","N/A","APE Games","2549","N/A","N/A",16,"390572","664735","","2025-06-00","",""
"Ivion: The Noose & The Goose","Standalone","For Sale","N/A","N/A","N/A","N/A","APE Games","2549","N/A","N/A",16,"400096","678786","IV003NG","2025-05-00","",""
"Ivion: The Bear & The Badger","Standalone","For Sale","N/A","N/A","N/A","N/A","APE Games","2549","N/A","N/A",20,"400095","678785","IV003BB","2025-06-00","",""
"Widget's Workshop","Standalone","For Sale","USD",20,"N/A","N/A","Phase Shift Games","271","N/A","N/A",40,"437584","743134","","2025-12-00","",""
"Aetherspire","Standalone","Demo","N/A","N/A","N/A","N/A","Phase Shift Games","271","N/A","N/A",17,"423020","717639","","2025-11-00","",""
"Hedge Mage","Standalone","For Sale","USD",50,"N/A","N/A","Floodgate Games","439","N/A","N/A",58,"420089","712185","FGG-HM","2025-06-00","",""
"Squirrel Away","Standalone","For Sale","USD",30,"N/A","N/A","Floodgate Games","439","N/A","N/A",27,"439646","747293","FGG-SQ","2025-10-28","",""
"Flintlock!: Global Warfare in 20 Minutes","Standalone","Demo","N/A","N/A","N/A","N/A","Floodgate Games","439","N/A","N/A",33,"446303","758720","FGG-FL","2026-00-00","Q4 2026",""
"Emerald Skulls","Standalone","For Sale","USD",25,"N/A","N/A","Thunderworks Games","1521","N/A","N/A",47,"421762","715309","TWK4020","2025-03-00","",""
"Citizens of the Spark","Standalone","For Sale","USD",55,"N/A","N/A","Thunderworks Games","1521","N/A","N/A",139,"415465","703627","TWK1200","2025-07-00","",""
"Please Don't Burn My Village!","Standalone","For Sale","USD",25,"N/A","N/A","Fireside Games","2434","N/A","N/A",36,"438119","744234","FSD2005","2025-08-06","",""
"Ham Helsing","Standalone","For Sale","USD",60,"N/A","N/A","Fireside Games","2434","N/A","N/A",86,"439662","747315","FSD1023","2025-10-29","",""
"Flock Together: Birds of a Feather Eggspansion","Expansion","For Sale","USD",45,"N/A","N/A","Sea Cow Games","2757","N/A","N/A",58,"430246","730407","","2025-07-00","",""
"Vantage","Standalone","For Sale","USD",90,"N/A","N/A","Stonemaier Games","2909","N/A","N/A",501,"420033","712045","","2025-08-29","",""
"Tokaido","Standalone","For Sale","USD",30,"N/A","N/A","Stonemaier Games","2909","N/A","N/A",66,"123540","751434","","2025-05-09","",""
"Finspan","Standalone","For Sale","USD",50,"N/A","N/A","Stonemaier Games","2909","N/A","N/A",175,"436126","740463","","2025-03-07","",""
"Goats & Goblins","Standalone","Demo","N/A","N/A","N/A","N/A","B.A. Games","2932","N/A","N/A",32,"446580","759193","","2025-11-00","",""
"Garden Dragons","Standalone","Demo","N/A","N/A","N/A","N/A","B.A. Games","2932","N/A","N/A",17,"446584","759197","","0000-00-00","Q2 2026",""
"Dungeon Diners","Standalone","Demo","N/A","N/A","N/A","N/A","B.A. Games","2932","N/A","N/A",14,"446585","759198","","0000-00-00","Q3 2026",""
"Age of Galaxy (Second Edition)","Standalone","For Sale","N/A","N/A","N/A","N/A","Portal Games","235","N/A","N/A",81,"437383","742744","","2025-08-00","",""
"Neuroshima Hex: Battle","Standalone","For Sale","N/A","N/A","N/A","N/A","Portal Games","235","N/A","N/A",12,"437382","742743","","2025-10-00","",""
"Castle Raisers","Standalone","For Sale","USD",45,"N/A","N/A","Wonderful World Board Games","2657","N/A","N/A",26,"427596","725991","","2025-08-00","",""
"Fabled: Eve of Times","Expansion","For Sale","USD",35,"N/A","N/A","CrowD Games","1449","N/A","N/A",24,"419733","0",,,,""
"Golden Cup","Standalone","For Sale","USD",45,"N/A","N/A","CrowD Games","1449","N/A","N/A",35,"421299","759235","CGA20001","2025-08-00","",""
"Stella Quest","Standalone","Demo","N/A","N/A","N/A","N/A","CrowD Games","1449","N/A","N/A",33,"424567","759236","CGA21001","2025-10-00","",""
"Sprocketforge","Standalone","For Sale","USD",70,"N/A","N/A","Sophisticated Cerberus Games, LLC","2539","N/A","N/A",47,"415025","702889","","2025-07-18","",""
"Catapult Feud: Dino Pack","Expansion","For Sale","USD",25,"N/A","N/A","Vesuvius Media","2149","N/A","N/A",8,"444960","756602","","2025-05-00","",""
"Jurassic Feud: Pangea Expansion","Expansion","For Sale","USD",40,"N/A","N/A","Vesuvius Media","2149","N/A","N/A",5,"427622","726019","","2025-03-00","",""
"Rolling in Wonderland","Standalone","Demo","N/A","N/A","N/A","N/A","Bellows Intent","2563","N/A","N/A",28,"415774","759440","","2026-08-00","",""
"Tabriz","Standalone","For Sale","USD",55,"N/A","N/A","Crafty Games","125","N/A","N/A",151,"349369","584157","CFG15007","2025-02-00","",""
"The Massive-Verse Fighting Card Game: Starter Pack","Standalone","For Sale","USD",5,"N/A","N/A","Solis Game Studio","2461","N/A","N/A",7,"446602","759221","SGS-5201","2025-07-31","",""
"Treat, Please!","Standalone","Demo","N/A","N/A","N/A","N/A","Solis Game Studio","2461","N/A","N/A",12,"429333","728867","","2026-02-00","",""
"Barrage: 5th Player Expansion","Expansion","For Sale","USD",40,"N/A","N/A","CrowD Games","1449","N/A","N/A",30,"304453","759227","CGA19003","2025-08-00","",""
"Barrage: The Colorado Connection","Expansion","For Sale","USD",20,"N/A","N/A","CrowD Games","1449","N/A","N/A",27,"397437","759234","CGA19004","2025-08-00","",""
"Barrage: The Nile Affair Expansion","Expansion","For Sale","USD",20,"N/A","N/A","CrowD Games","1449","N/A","N/A",25,"366469","759231","CGA19005","2025-08-00","",""
"Barrage: The Geological Factor","Expansion","For Sale","USD",12,"N/A","N/A","CrowD Games","1449","N/A","N/A",22,"388973","759232","CGA19006 ","2025-08-00","",""
"Barrage: Executive Officer Promo A","Expansion","For Sale","USD",10,"N/A","N/A","CrowD Games","1449","N/A","N/A",24,"318010","759226","CGA19008","2025-08-00","",""
"Barrage: Executive Officer Promo B","Expansion","For Sale","USD",10,"N/A","N/A","CrowD Games","1449","N/A","N/A",26,"304458","759228","CGA19009 ","2025-08-00","",""
"Barrage: Executive Officer Promo C","Expansion","For Sale","USD",7,"N/A","N/A","CrowD Games","1449","N/A","N/A",26,"346071","759229","CGA19010 ","2025-08-00","",""
"Barrage: Executive Officer Promo D","Expansion","For Sale","USD",7,"N/A","N/A","CrowD Games","1449","N/A","N/A",22,"363533","759230","CGA19011 ","2025-08-00","",""
"Barrage: Executive Officer Promo E","Expansion","For Sale","USD",7,"N/A","N/A","CrowD Games","1449","N/A","N/A",22,"397434","759233","CGA19012 ","2025-08-00","",""
"En Route","Standalone","For Sale","USD",35,"N/A","N/A","CrowD Games","1449","N/A","N/A",46,"406454","689748","","2025-03-00","",""
"The Massive-Verse Fighting Card Game","Standalone","For Sale","USD",25,"N/A","N/A","Solis Game Studio","2461","N/A","N/A",19,"396706","674125","","2025-01-00","",""
"The Massive-Verse Fighting Card Game: Team Up!","Standalone","For Sale","USD",25,"N/A","N/A","Solis Game Studio","2461","N/A","N/A",7,"444690","756116","","2025-01-00","",""
"Sanibel","Standalone","Demo","N/A","N/A","N/A","N/A","Avalon Hill","Hall E-501","N/A","N/A",156,"447002","759953","G2807UU01","2026-01-16","",""
"Cosmolancer","Standalone","For Sale","N/A","N/A","N/A","N/A","Avalon Hill","Hall E-501","N/A","N/A",50,"119","730033","C-267G","2025-06-01","",""
"HeroQuest: The Crypt of Perpetual Darkness","Expansion","Demo","N/A","N/A","N/A","N/A","Avalon Hill","Hall E-501","N/A","N/A",16,"446966","759864","G1798UU00","2025-07-29","",""
"Scream!","Standalone","For Sale","USD",15,"N/A","N/A","Bézier Games","137","N/A","N/A",52,"438512","745088","","2025-07-00","",""
"Xylotar: Unhinged","Expansion","For Sale","USD",10,"N/A","N/A","Bézier Games","137","N/A","N/A",49,"439358","746689","","2025-06-18","",""
"Rebel Princess: Deluxe Edition – Happily Never After","Expansion","For Sale","USD",15,"N/A","N/A","Bézier Games","137","N/A","N/A",234,"438511","745087","","2025-06-00","",""
"Cascadia Junior","Standalone","For Sale","USD",30,"N/A","N/A","Flatout Games","403","N/A","N/A",73,"433007","735136","","2025-04-00","",""
"Propolis","Standalone","For Sale","USD",25,"N/A","N/A","Flatout Games","403","N/A","N/A",208,"431994","733452","","2025-07-00","Q4 2025",""
"Ra: Sun God Edition","Standalone","For Sale","USD",130,"N/A","N/A","25th Century Games","1457","N/A","N/A",126,"443092","753378","","2025-10-00","",""
"Ra: Traders","Expansion","For Sale","USD",25,"N/A","N/A","25th Century Games","1457","N/A","N/A",110,"426753","724538","","2025-10-00","",""
"VNTYPL8S","Standalone","For Sale","USD",25,"N/A","N/A","25th Century Games","1457","N/A","N/A",40,"423987","719376","","2026-04-29","",""
"Botswana","Standalone","For Sale","USD",25,"N/A","N/A","25th Century Games","1457","N/A","N/A",134,"398","735820","","2025-09-00","",""
"The Yellow House","Standalone","For Sale","USD",25,"N/A","N/A","25th Century Games","1457","N/A","N/A",65,"420385","739115","","2025-09-00","",""
"La Habana","Standalone","For Sale","USD",30,"N/A","N/A","25th Century Games","1457","N/A","N/A",46,"57925","740158","","2025-10-00","",""
"Fountains","Standalone","Demo","N/A","N/A","N/A","N/A","The Op Games","See each game listing","N/A","N/A",106,"440509","749193","","2025-09-00","",""
"Tea Witches","Standalone","Demo","N/A","N/A","N/A","N/A","The Op Games","See each game listing","N/A","N/A",171,"426912","724780","","2025-09-00","",""
"Wolf Street","Standalone","For Sale","USD",25,"N/A","N/A","Broadway Toys LTD","161","N/A","N/A",51,"436843","741569","2412001","2025-08-00","",""
"The Wondrous Museum","Standalone","For Sale","USD",20,"N/A","N/A","Broadway Toys LTD","161","N/A","N/A",91,"436842","741567","","2025-08-00","",""
"Slambo!","Standalone","For Sale","USD",9,"N/A","N/A","Allplay","1849","N/A","N/A",189,"435357","738989","","2025-06-00","",""
"Tearable Quest","Standalone","For Sale","USD",9,"N/A","N/A","Allplay","1849","N/A","N/A",170,"444551","755863","","2025-07-00","",""
"Llama Llama","Standalone","For Sale","USD",9,"N/A","N/A","Allplay","1849","N/A","N/A",228,"444547","755859","","2025-07-00","",""
"Waddle","Standalone","For Sale","USD",19,"N/A","N/A","Allplay","1849","N/A","N/A",274,"435360","738992","DL24142","2025-07-00","",""
"Merchants of Andromeda","Standalone","For Sale","USD",39,"N/A","N/A","Allplay","1849","N/A","N/A",255,"436516","741070","","2025-07-00","",""
"VIVO","Standalone","For Sale","USD",9,"N/A","N/A","Allplay","1849","N/A","N/A",250,"420242","759834","","2025-10-00","",""
"Soda Jerk","Standalone","For Sale","USD",9,"N/A","N/A","Allplay","1849","N/A","N/A",454,"446953","759836","","2025-10-00","",""
"Super Dice Battle","Standalone","For Sale","USD",30,"N/A","N/A","Ephyrean Games","560","N/A","N/A",19,"395411","672369","SDB001","2025-11-00","",""
"Pilsna: A Drink to the Past","Standalone","Demo","N/A","N/A","N/A","N/A","Ephyrean Games","560","N/A","N/A",18,"447037","760002","","0000-00-00","Q1 2026",""
"Perfect Mismatch","Standalone","For Sale","USD",30,"N/A","N/A","Ares Games","229","N/A","N/A",9,"424482","720214","","2025-09-00","",""
"Operation Barclay","Standalone","For Sale","USD",40,"N/A","N/A","25th Century Games","1457","N/A","N/A",51,"404923","761062","","2025-11-00","",""
"Piña Coladice","Standalone","For Sale","USD",22,"N/A","N/A","IELLO","2435 (Hachette Boardgames USA)","N/A","N/A",89,"415054","702932","70263","2025-03-19","",""
"Slide","Standalone","For Sale","USD",17,"N/A","N/A","Gigamic","2435 (Hachette Boardgames USA)","N/A","N/A",97,"415836","749488","","2025-03-19","",""
"Cyclades: Legendary Edition","Standalone","For Sale","USD",75,"N/A","N/A","Open Sesame Games","2435 (Hachette Boardgames USA)","N/A","N/A",172,"380619","748418","","2025-04-16","",""
"Mythical Dice","Standalone","For Sale","USD",25,"N/A","N/A","IELLO","2435 (Hachette Boardgames USA)","N/A","N/A",76,"191071","719841","","2025-05-07","",""
"CDSK Travel","Standalone","For Sale","USD",20,"N/A","N/A","Randolph","2435 (Hachette Boardgames USA)","N/A","N/A",87,"441740","751364","","2025-05-21","",""
"MicroMacro: Kids – Crazy City Park","Standalone","For Sale","USD",30,"N/A","N/A","Edition Spielwiese","2435 (Hachette Boardgames USA)","N/A","N/A",83,"437261","743920","","2025-06-00","",""
"Mooki Island","Standalone","For Sale","USD",15,"N/A","N/A","Scorpion Masqué","2435 (Hachette Boardgames USA)","N/A","N/A",86,"435346","738973","","2025-06-06","",""
"In the Footsteps of Darwin: Correspondence","Expansion","For Sale","USD",20,"N/A","N/A","Sorry We Are French","2435 (Hachette Boardgames USA)","N/A","N/A",127,"427334","725554","SWDARE-EN","2025-06-00","",""
"Solstis: Firefly","Expansion","For Sale","USD",7,"N/A","N/A","Lumberjacks Studio","2435 (Hachette Boardgames USA)","N/A","N/A",64,"436120","758537","","2025-07-16","",""
"Point Galaxy","Standalone","For Sale","USD",25,"N/A","N/A","Flatout Games","403","N/A","N/A",205,"431998","733456","AEG 1091","2025-07-00","Q4 2025",""
"Knitting Circle","Standalone","For Sale","USD",45,"N/A","N/A","Flatout Games","403","N/A","N/A",202,"421606","714916","AEG 1088","2025-09-00","",""
"Cascadia: Alpine Lakes","Standalone","Demo","N/A","N/A","N/A","N/A","Flatout Games","403","N/A","N/A",273,"446815","759579","","0000-00-00","Q3 2026",""
"Spooktacular","Standalone","For Sale","USD",60,"N/A","N/A","Level 99 Games","613","N/A","N/A",138,"420931","713736","","2025-11-00","",""
"Dead by Daylight: The Board Game – Lightbringer Expansion","Expansion","For Sale","USD",40,"N/A","N/A","Level 99 Games","613","N/A","N/A",8,"443196","753540","L99-DBD08","0000-00-00","Q3 2025",""
"Compania","Standalone","Demo","N/A","N/A","N/A","N/A","Level 99 Games","613","N/A","N/A",55,"436511","741060","","2026-02-00","",""
"Kinfire Council","Standalone","For Sale","USD",75,"N/A","N/A","Incredible Dream Studios","2667","N/A","N/A",288,"411894","698154","","2025-07-00","",""
"Kinfire Delve: Callous' Lab","Standalone","For Sale","USD",25,"N/A","N/A","Incredible Dream Studios","2667","N/A","N/A",152,"406174","689279","","2024-09-00","",""
"PASS","Standalone","For Sale","USD",16,"N/A","N/A","Grand Gamers Guild","2946","N/A","N/A",112,"402109","0",,,,""
"Phoenix New Horizon","Standalone","Demo","N/A","N/A","N/A","N/A","Devir","2811","N/A","N/A",212,"419704","760822","","2025-09-00","",""
"Koinobori","Standalone","Demo","N/A","N/A","N/A","N/A","Devir","2811","N/A","N/A",73,"401784","760821","","2025-09-00","",""
"Conservas","Standalone","For Sale","USD",30,"N/A","N/A","25th Century Games","1457","N/A","N/A",127,"402024","740932","","2025-04-00","",""
"Big Sur","Standalone","For Sale","USD",20,"N/A","N/A","25th Century Games","1457","N/A","N/A",181,"414174","701542","","2025-07-00","",""
"Wine Cellar","Standalone","For Sale","USD",20,"N/A","N/A","25th Century Games","1457","N/A","N/A",194,"411033","696770","","2025-07-00","",""
"Perudo","Standalone","For Sale","USD",25,"N/A","N/A","25th Century Games","1457","N/A","N/A",51,"45","739967","","2025-07-00","",""
"Grand Central Skyport","Standalone","For Sale","USD",40,"N/A","N/A","25th Century Games","1457","N/A","N/A",100,"379546","648378","","2025-09-00","",""
"Sand Art","Standalone","For Sale","USD",40,"N/A","N/A","25th Century Games","1457","N/A","N/A",47,"414171","701538","","2025-09-00","",""
"Red Letter, Yellow Letter.","Standalone","For Sale","USD",20,"N/A","N/A","25th Century Games","1457","N/A","N/A",22,"423991","719380","","2025-08-00","",""
"RA and Write","Standalone","For Sale","USD",30,"N/A","N/A","25th Century Games","1457","N/A","N/A",88,"422796","717213","","2025-10-00","",""
"Ratzia","Standalone","For Sale","USD",25,"N/A","N/A","25th Century Games","1457","N/A","N/A",40,"12589","717212","","2025-10-00","",""
"Quartermaster General: South Front","Standalone","For Sale","USD",50,"N/A","N/A","Ares Games","229","N/A","N/A",17,"426868","724728","ARTG026","2025-09-00","",""
"Dirt & Dust","Standalone","For Sale","USD",60,"N/A","N/A","Albi","229 (Ares Games)","N/A","N/A",160,"432715","734873","","2025-09-03","",""
"Light Speed: Arena","Standalone","For Sale","USD",30,"N/A","N/A","Tablescope","229 (Ares Games)","N/A","N/A",21,"400498","679388","","2025-08-00","",""
"Light Speed: Arena – Glyphon","Expansion","For Sale","USD",15,"N/A","N/A","Tablescope","229 (Ares Games)","N/A","N/A",7,"445921","758134","","2025-08-00","",""
"Light Speed: Arena – BlackHole","Expansion","For Sale","USD",15,"N/A","N/A","Tablescope","229 (Ares Games)","N/A","N/A",8,"445927","758141","","2025-08-00","",""
"WunderWaffen","Standalone","Demo","N/A","N/A","N/A","N/A","Ares Games","229","N/A","N/A",17,"439684","747343","ARTG029","2025-12-00","",""
"Viking Route","Standalone","Demo","N/A","N/A","N/A","N/A","Ares Games","229","N/A","N/A",32,"411265","697182","ARTG025","2025-10-00","Q2 2026",""
"Arkham Travel Guide","Standalone","Demo","N/A","N/A","N/A","N/A","CrowD Games","1449","N/A","N/A",61,"439409","746785","","2025-10-00","",""
"Barrage","Standalone","For Sale","USD",90,"N/A","N/A","CrowD Games","1449","N/A","N/A",66,"251247","759224","CGA19001","2025-08-00","",""
"Barrage: The Leeghwater Project","Expansion","For Sale","USD",45,"N/A","N/A","CrowD Games","1449","N/A","N/A",27,"263711","759225","CGA19002","2025-08-00","",""
"Final Girl: Julie Promo Pack","Expansion","For Sale","USD",15,"N/A","N/A","Van Ryder Games","2555","N/A","N/A",34,"438609","745250","","2025-08-00","",""
"Final Girl: Meg Promo Pack","Expansion","For Sale","USD",15,"N/A","N/A","Van Ryder Games","2555","N/A","N/A",34,"438608","745249","","2025-08-00","",""
"War for Atraxia","Standalone","Demo","N/A","N/A","N/A","N/A","BluEncore","(See listing)","N/A","N/A",10,"351535","760728","","2026-01-00","",""
"The Quest Kids: Realms of the Kingdom","Expansion","For Sale","USD",30,"N/A","N/A","Treasure Falls Games","1906","N/A","N/A",4,"426443","724007","","2025-09-00","",""
"Brink","Standalone","For Sale","USD",140,"N/A","N/A","IV Studio","2239","N/A","N/A",107,"415078","720054","","2025-07-00","",""
"Time to Panic","Standalone","For Sale","USD",30,"N/A","N/A","IV Studio","2239","N/A","N/A",80,"445424","757306","","2025-10-00","",""
"Pillars of Fate","Standalone","For Sale","USD",30,"N/A","N/A","IV Studio","2239","N/A","N/A",81,"440941","750053","","2025-10-00","",""
"Graft","Standalone","For Sale","USD",30,"N/A","N/A","IV Studio","2239","N/A","N/A",118,"445423","757305","IVG820 - Limited Edition","2025-10-00","",""
"Perch","Standalone","For Sale","USD",44,"N/A","N/A","Inside Up Games","2142","N/A","N/A",46,"387560","659744","","2025-03-05","",""
"Earth: Abundance","Expansion","For Sale","USD",35,"N/A","N/A","Inside Up Games","2142","N/A","N/A",89,"414734","702369","IUG017","2025-05-29","",""
"Skara Brae","Standalone","For Sale","USD",60,"N/A","N/A","Renegade Game Studios","1619","N/A","N/A",121,"408636","760795","","2025-06-00","",""
"The Anarchy","Standalone","For Sale","USD",65,"N/A","N/A","Renegade Game Studios","1619","N/A","N/A",129,"408637","760796","","2025-06-00","",""
"Monsters Menace the World","Standalone","For Sale","USD",65,"N/A","N/A","Renegade Game Studios","1619","N/A","N/A",25,"441663","751184","","2025-09-00","",""
"Diplomacy: Era of Empire","Standalone","For Sale","USD",60,"N/A","N/A","Renegade Game Studios","1619","N/A","N/A",17,"430814","731420","","2025-08-00","",""
"Axis & Allies: Stalingrad","Standalone","For Sale","USD",90,"N/A","N/A","Renegade Game Studios","1619","N/A","N/A",17,"437278","742545","","2025-08-28","",""
"Heroscape: Imperator Kayne Army Expansion","Expansion","For Sale","USD",30,"N/A","N/A","Renegade Game Studios","1619","N/A","N/A",10,"439861","747624","","2025-07-00","",""
"Heroscape: Molten Crustaceans & Tanuki Tricksters Common Army Expansion","Expansion","For Sale","USD",40,"N/A","N/A","Renegade Game Studios","1619","N/A","N/A",11,"439862","747626","","2025-09-00","",""
"Heroscape: Revnan Acolytes & Grave Grim Common Army Expansion","Expansion","For Sale","USD",40,"N/A","N/A","Renegade Game Studios","1619","N/A","N/A",11,"439863","747628","","2025-07-00","",""
"Heroscape: Scavorith Lord of Ruin Army Expansion","Expansion","For Sale","USD",30,"N/A","N/A","Renegade Game Studios","1619","N/A","N/A",9,"439865","747630","","2025-07-00","",""
"Dice Clash","Standalone","For Sale","USD",16,"N/A","N/A","Galen's Games","2438","N/A","N/A",26,"422206","716200","","0000-00-00","Q3 2025",""
"Caveman Rumble","Standalone","For Sale","USD",23,"N/A","N/A","Caveman Rumble Games","2960","N/A","N/A",6,"397925","675968","","2024-06-00","",""
"Portamentals","Standalone","Demo","N/A","N/A","N/A","N/A","Caveman Rumble Games","2960","N/A","N/A",25,"447692","761142","","2026-03-00","",""
"Luthier","Standalone","For Sale","USD",80,"N/A","N/A","Paverson Games","2250","N/A","N/A",432,"371330","633272","","2025-07-00","",""
"Distilled: Cocktails","Expansion","Demo","N/A","N/A","N/A","N/A","Paverson Games","2250","N/A","N/A",256,"431123","731990","","2026-08-00","",""
"Class of '89","Standalone","Demo","N/A","N/A","N/A","N/A","Paverson Games","2250","N/A","N/A",232,"442093","751816","","2026-00-00","Q3 2026",""
"Wandering Galaxy: A Crossroads Game","Standalone","For Sale","USD",70,"N/A","N/A","Plaid Hat Games","2229","N/A","N/A",54,"414595","702167","PH4000","2025-01-00","",""
"Ashes Ascendancy","Standalone","Demo","N/A","N/A","N/A","N/A","Plaid Hat Games","2229","N/A","N/A",23,"437290","742561","","2025-12-10","",""
"Dragon Clans","Standalone","For Sale","USD",20,"N/A","N/A","Van Ryder Games","2555","N/A","N/A",34,"417796","749057","","2025-00-00","Q3 2025",""
"Final Girl: Bad Times at Buddyland","Expansion","For Sale","USD",25,"N/A","N/A","Van Ryder Games","2555","N/A","N/A",48,"438599","745239","","2025-04-00","",""
"Final Girl: Shriek","Expansion","For Sale","USD",35,"N/A","N/A","Van Ryder Games","2555","N/A","N/A",66,"438600","0",,,,""
"Railroad Tiles: Desert Expansion","Expansion","Demo","N/A","N/A","N/A","N/A","Horrible Guild","2136","N/A","N/A",18,"429740","729602","","2025-07-12","",""
"Railroad Tiles: Monuments Expansion","Expansion","Demo","N/A","N/A","N/A","N/A","Horrible Guild","2136","N/A","N/A",18,"429741","729603","","2025-07-12","",""
"Railroad Tiles: Countryside Expansion","Expansion","Demo","N/A","N/A","N/A","N/A","Horrible Guild","2136","N/A","N/A",21,"429725","729578","","2025-07-12","",""
"Railroad Tiles: Energy Expansion","Expansion","Demo","N/A","N/A","N/A","N/A","Horrible Guild","2136","N/A","N/A",18,"429724","729575","","2025-07-12","",""
"Railroad Tiles: Lakes Expansion","Expansion","Demo","N/A","N/A","N/A","N/A","Horrible Guild","2136","N/A","N/A",18,"429719","729567","","2025-07-12","",""
"Railroad Tiles: Forest Expansion","Expansion","Demo","N/A","N/A","N/A","N/A","Horrible Guild","2136","N/A","N/A",19,"429720","729568","","2025-07-12","",""
"Railroad Tiles: World Expansion","Expansion","Demo","N/A","N/A","N/A","N/A","Horrible Guild","2136","N/A","N/A",18,"429721","729569","","2025-07-12","",""
"Railroad Tiles: Canals Expansion","Expansion","Demo","N/A","N/A","N/A","N/A","Horrible Guild","2136","N/A","N/A",20,"429723","729572","","2025-07-12","",""
"Railroad Tiles: Collector's Edition","Standalone","Demo","N/A","N/A","N/A","N/A","Horrible Guild","2136","N/A","N/A",30,"429717","729565","","2025-07-12","",""
"Great Western Trail: El Paso","Standalone","For Sale","USD",40,"N/A","N/A","Lookout Games","809, 817, 929, 1109 (asmodee)","N/A","N/A",36,"431305","732296","LOG99992","2025-04-25","",""
"Jungo","Standalone","For Sale","USD",15,"N/A","N/A","Happy Camper","2010","N/A","N/A",62,"424816","744077","","2025-07-00","",""
"The Four Doors","Standalone","For Sale","USD",20,"N/A","N/A","Happy Camper","2010","N/A","N/A",95,"447687","761132","HCG-2004","2025-09-00","",""
"Otter","Standalone","For Sale","USD",16,"N/A","N/A","Charming Games Collective","2569","N/A","N/A",82,"425532","722060","","2025-07-31","",""
"Capybara Crush","Standalone","For Sale","USD",16,"N/A","N/A","Charming Games Collective","2569","N/A","N/A",49,"436146","740496","","2026-09-00","",""
"Doom Cat","Standalone","For Sale","USD",40,"N/A","N/A","Charming Games Collective","2569","N/A","N/A",24,"414946","732856","","2025-07-31","",""
"Park Life: Storm Expansion","Expansion","For Sale","USD",8,"N/A","N/A","Charming Games Collective","2569","N/A","N/A",21,"430610","731073","UWU01005","2025-03-00","",""
"Timelancers","Standalone","Demo","N/A","N/A","N/A","N/A","Party Tails","132","N/A","N/A",28,"377221","644215","","2025-04-00","",""
"Here Lies","Standalone","For Sale","USD",25,"N/A","N/A","DVC Games","3058","N/A","N/A",42,"428284","727190","MXB0060","2025-04-00","",""
"Thing Thing","Standalone","For Sale","USD",25,"N/A","N/A","DVC Games","3058","N/A","N/A",16,"426162","761175","MXB0070","2025-04-00","",""
"Karnak","Standalone","For Sale","USD",25,"N/A","N/A","DVC Games","3058","N/A","N/A",23,"432520","734258","MXB0080","2025-08-01","",""
"Unstoppable","Standalone","For Sale","USD",60,"N/A","N/A","Renegade Game Studios","1619","N/A","N/A",72,"420498","712992","","2025-03-06","",""
"Unstoppable: Tyrant's End","Expansion","For Sale","USD",15,"N/A","N/A","Renegade Game Studios","1619","N/A","N/A",42,"430916","731599","","2025-03-00","",""
"Risk 2210 A.D.: Frontline","Expansion","For Sale","USD",50,"N/A","N/A","Renegade Game Studios","1619","N/A","N/A",11,"430913","731596","","2025-03-00","",""
"My Little Pony: Festival of Lanterns","Standalone","For Sale","USD",35,"N/A","N/A","Renegade Game Studios","1619","N/A","N/A",13,"430816","731422","","2025-04-00","",""
"Heroscape: Rising Tide – Queen Maladrix and Festering Honor Guard Army Expansion","Expansion","For Sale","USD",45,"N/A","N/A","Renegade Game Studios","1619","N/A","N/A",9,"426934","724807","","2025-04-14","",""
"Heroscape: Rising Tide – Oathbound Phalanx and Oathbound Legionnaires Army Expansion","Expansion","For Sale","USD",45,"N/A","N/A","Renegade Game Studios","1619","N/A","N/A",9,"426935","724808","","2025-04-14","",""
"Heroscape: Rising Tide – Sonlen and Halushia, Scion of the Wild Army Expansion","Expansion","For Sale","USD",45,"N/A","N/A","Renegade Game Studios","1619","N/A","N/A",9,"426931","724804","","2025-02-00","",""
"Heroscape: Rising Tide – Wing Commander Tuck Harrigan and Vorid Glide Strikers Army Expansion","Expansion","For Sale","USD",45,"N/A","N/A","Renegade Game Studios","1619","N/A","N/A",9,"426936","724809","","2025-04-14","",""
"Axis & Allies: Battle of the Bulge","Standalone","For Sale","USD",60,"N/A","N/A","Renegade Game Studios","1619","N/A","N/A",11,"22457","752423","","2025-04-24","",""
"Heroscape: Air Marshal Zed Nesbitt Army Expansion","Expansion","For Sale","USD",30,"N/A","N/A","Renegade Game Studios","1619","N/A","N/A",9,"439860","747623","","2025-05-05","",""
"Ice and Idols","Standalone","For Sale","USD",50,"N/A","N/A","Inside Up Games","2142","N/A","N/A",53,"423013","717624","IUG018","2025-11-01","",""
"Crits & Tricks","Standalone","Demo","N/A","N/A","N/A","N/A","Inside Up Games","2142","N/A","N/A",48,"436907","741688","IUG_019 1ST PR","2026-01-00","Q2 2026",""
"Thieves of Eldris","Standalone","Demo","N/A","N/A","N/A","N/A","Inside Up Games","2142","N/A","N/A",21,"436908","741690","","2026-01-00","Q2 2026",""
"Tug of Roar","Standalone","Demo","N/A","N/A","N/A","N/A","Inside Up Games","2142","N/A","N/A",15,"436909","741693","","2026-01-00","Q2 2026",""
"Earth: Animal Kingdom","Expansion","Demo","N/A","N/A","N/A","N/A","Inside Up Games","2142","N/A","N/A",85,"442298","752082","","2026-01-00","Q2 2026",""
"Duel for Cardia","Standalone","For Sale","USD",17,"N/A","N/A","Hans im Glück","809, 817, 929, 1109 (Asmodee)","N/A","N/A",32,"447243","760336","","2025-08-29","",""
"Buffet Boss","Standalone","For Sale","USD",30,"N/A","N/A","Arcane Wonders","629","N/A","N/A",29,"371055","713048","","2025-03-00","",""
"Cat and the Tower","Standalone","For Sale","USD",25,"N/A","N/A","Arcane Wonders","629","N/A","N/A",103,"424751","761371","AWG AW27CAT","2025-08-00","Q1 2026",""
"Number Chain","Standalone","For Sale","USD",20,"N/A","N/A","Arcane Wonders","629","N/A","N/A",22,"421921","761372","","2025-08-00","Q1 2026",""
"If Then","Standalone","For Sale","USD",18,"N/A","N/A","Arcane Wonders","629","N/A","N/A",19,"423465","718447","","2025-08-00","Q1 2026",""
"The Crew: Family Adventure","Standalone","For Sale","USD",15,"N/A","N/A","KOSMOS","259","N/A","N/A",30,"406299","742460"," 691867","2025-05-00","",""
"TowerBrix","Standalone","For Sale","USD",25,"N/A","N/A","KOSMOS","259","N/A","N/A",12,"406861","742463","684228","2025-05-00","",""
"Masters of Crime: Mosquito","Standalone","For Sale","USD",25,"N/A","N/A","KOSMOS","259","N/A","N/A",12,"406882","742461"," 683829","2024-02-00","Q3 2025",""
"Rumblebots","Standalone","For Sale","USD",25,"N/A","N/A","DV Games","2205","N/A","N/A",22,"426045","723071","DVG9067","2025-07-31","",""
"Koi","Standalone","For Sale","USD",40,"N/A","N/A","DV Games","2205","N/A","N/A",99,"436161","740521","","2025-07-31","",""
"The Peak Team","Standalone","For Sale","USD",40,"N/A","N/A","Matagot","2211","N/A","N/A",41,"430726","731267","","2025-09-00","",""
"Panda Spin","Standalone","For Sale","USD",30,"N/A","N/A","Matagot","2211","N/A","N/A",67,"417323","706919","","2025-02-21","",""
"Chu Han","Standalone","For Sale","USD",25,"N/A","N/A","Grail Games","2211 (Matagot)","N/A","N/A",43,"288558","470955","MAT-CHU-001-287","2024-10-07","",""
"Food for Thought","Standalone","For Sale","USD",50,"N/A","N/A","Grail Games","2211 (Matagot)","N/A","N/A",26,"424765","720682","","2025-02-00","",""
"Kemet: Rise of the Gods","Expansion","For Sale","USD",160,"N/A","N/A","Matagot","2211","N/A","N/A",24,"419158","710419","","2025-07-00","",""
"Manhattan Project: Energy Empire","Standalone","Demo","N/A","N/A","N/A","N/A","Frost Bite Games","2211 (Matagot)","N/A","N/A",61,"429401","728998","","2025-10-00","",""
"YUBIBO","Standalone","For Sale","USD",25,"N/A","N/A","JELLY JELLY GAMES","2211 (Matagot)","N/A","N/A",24,"425602","722192","","2024-10-00","",""
"Lightning Train","Standalone","For Sale","USD",50,"N/A","N/A","Dire Wolf","2402","N/A","N/A",299,"445673","757747","","2025-10-23","",""
"Clank!: Catacombs – Underworld","Expansion","Demo","N/A","N/A","N/A","N/A","Dire Wolf","2402","N/A","N/A",248,"447586","760996","","2025-12-00","",""
"Hercules and the 12 Labors","Standalone","Demo","N/A","N/A","N/A","N/A","Envy Born Games","2659","N/A","N/A",384,"436038","740214","","2025-12-01","",""
"Revenant","Standalone","Demo","N/A","N/A","N/A","N/A","Mindclash Games","357","N/A","N/A",105,"428099","726879","","2026-03-00","",""
"Bagged & Boarded","Standalone","Demo","N/A","N/A","N/A","N/A","Octoraffe Games","(See listing)","N/A","N/A",58,"348599","582731","","0000-00-00","Q1 2026",""
"High Tide","Standalone","For Sale","USD",25,"N/A","N/A","Underdog Games (I)","1319","N/A","N/A",121,"430875","756626","","2025-09-00","",""
"Trekking the World: Second Edition","Standalone","For Sale","USD",50,"N/A","N/A","Underdog Games (I)","1319","N/A","N/A",34,"420361","712747","","2024-11-15","",""
"Moon Bunny","Standalone","For Sale","USD",45,"N/A","N/A","Hot Banana Games","2107","N/A","N/A",64,"377991","645462","","2025-09-17","",""
"Pacts","Standalone","Demo","N/A","N/A","N/A","N/A","DVC Games","3058","N/A","N/A",7,"439685","747344","MXB0090","2025-12-17","",""
"Inkwell","Standalone","Demo","N/A","N/A","N/A","N/A","DVC Games","3058","N/A","N/A",47,"442307","752098","MXB0100","2025-12-00","Q1 2026",""
"Dice Words","Standalone","For Sale","USD",20,"N/A","N/A","KOSMOS","259","N/A","N/A",43,"437248","742489"," 699500","2025-09-00","",""
"EXIT: The Game – Advent Calendar: The Intergalactic Race","Standalone","For Sale","USD",50,"N/A","N/A","KOSMOS","259","N/A","N/A",47,"430765","739097"," 683011","2025-08-00","",""
"EXIT: The Game – Adventures on Catan","Standalone","For Sale","USD",20,"N/A","N/A","KOSMOS","259","N/A","N/A",25,"437214","742421","692887","2025-07-00","",""
"EXIT: The Game – Family: The Mystery at Meanstone Manor/The Caper at Candy Castle","Standalone","For Sale","USD",30,"N/A","N/A","KOSMOS","259","N/A","N/A",11,"424978","741194","692885","2025-03-00","",""
"EXIT: The Game – Kids: Midnight Spooktacular","Standalone","For Sale","USD",18,"N/A","N/A","KOSMOS","259","N/A","N/A",11,"406314","741195","692869","2025-06-00","",""
"EXIT: The Game – The Venice Conspiracy","Standalone","For Sale","USD",18,"N/A","N/A","KOSMOS","259","N/A","N/A",21,"406312","741193","","2025-06-00","",""
"Marbleous","Standalone","For Sale","USD",25,"N/A","N/A","KOSMOS","259","N/A","N/A",17,"432811","742491"," 684587","2025-04-00","",""
"One of Us","Standalone","For Sale","USD",15,"N/A","N/A","KOSMOS","259","N/A","N/A",6,"406859","742458"," 683993","2025-07-00","",""
"Mystic Curling Club","Standalone","Demo","N/A","N/A","N/A","N/A","Asmadi Games","1523","N/A","N/A",58,"447729","761193","","2026-03-00","",""
"Chess Joker","Standalone","Demo","N/A","N/A","N/A","N/A","Asmadi Games","1523","N/A","N/A",22,"447728","761191","","2026-07-00","",""
"The Game Makers","Standalone","Demo","N/A","N/A","N/A","N/A","Bézier Games","137","N/A","N/A",162,"447776","761279","","2026-07-00","",""
"Critter Kitchen","Standalone","For Sale","N/A","N/A","N/A","N/A","Lucky Duck Games","2927","N/A","N/A",132,"393429","669360","","2025-04-25","",""
"Potions of Azerland","Standalone","For Sale","N/A","N/A","N/A","N/A","Lucky Duck Games","2927","N/A","N/A",56,"372831","636013","","2024-12-00","",""
"We're Sinking!","Standalone","For Sale","N/A","N/A","N/A","N/A","Lucky Duck Games","2927","N/A","N/A",36,"340910","761236","","2025-10-00","",""
"Temple Code","Standalone","For Sale","N/A","N/A","N/A","N/A","Lucky Duck Games","2927","N/A","N/A",30,"410378","761237","","2025-09-00","",""
"Innsmouth Travel Guide","Standalone","Demo","N/A","N/A","N/A","N/A","CrowD Games","1449","N/A","N/A",40,"447571","760952","CGA18002","2025-10-00","",""
"Biomes of Nilgiris","Standalone","Demo","N/A","N/A","N/A","N/A","BluEncore","(See listing)","N/A","N/A",41,"393880","670050","","2025-00-00","Q1 2026",""
"Malagasy","Standalone","Demo","N/A","N/A","N/A","N/A","BluEncore","(See listing)","N/A","N/A",29,"439989","748149","","0000-00-00","Q2 2026",""
"The Elder Scrolls: Betrayal of the Second Era – Chef Class","Expansion","For Sale","USD",10,"N/A","N/A","Chip Theory Games","2627","N/A","N/A",25,"448698","762818","","0000-00-00","Q3 2025",""
"Button Kingdoms","Standalone","Demo","N/A","N/A","N/A","N/A","Around the Stump Games LLC","2012","N/A","N/A",18,"411932","698202","","0000-00-00","Q2 2026",""
"The Last Command","Standalone","For Sale","N/A","N/A","N/A","N/A","Sentient Games LLC","2012 (Around the Stump Games)","N/A","N/A",20,"417895","708016","","2025-04-00","",""
"Dogs With Jobs","Standalone","For Sale","USD",25,"N/A","N/A","Lab 380","2761","N/A","N/A",26,"422685","717050","","2025-09-01","",""
"Roaring 20s","Standalone","For Sale","USD",15,"N/A","N/A","Pegasus Spiele","2201","N/A","N/A",30,"427278","725455","PNA57824.USA","2025-08-00","",""
"Hidden Games Crime Scene: Green Poison","Standalone","For Sale","USD",30,"N/A","N/A","Pegasus Spiele","2201","N/A","N/A",8,"324157","763914","PNAHGCS3.USA","2025-05-00","",""
"Living Forest Duel","Standalone","For Sale","USD",33,"N/A","N/A","Pegasus Spiele","2201","N/A","N/A",17,"427260","763186","51239E","2025-08-00","",""
"Rival Cities","Standalone","For Sale","USD",33,"N/A","N/A","Pegasus Spiele","2201","N/A","N/A",40,"433384","735823","PNA57823.USA","2025-08-00","",""
"Holiday Hills","Standalone","Demo","N/A","N/A","N/A","N/A","Chris Couch Games","(See listings)","N/A","N/A",43,"421217","714261","","2025-12-00","",""
"Jingle Bell Roll","Standalone","Demo","N/A","N/A","N/A","N/A","Chris Couch Games","(See listings)","N/A","N/A",31,"443697","754470","","2025-12-00","",""
"Gatsby","Standalone","For Sale","USD",30,"N/A","N/A","Pandasaurus Games","215","N/A","N/A",88,"433908","760624","","2025-09-00","",""
"Beasts","Standalone","For Sale","USD",20,"N/A","N/A","Pandasaurus Games","215","N/A","N/A",58,"448416","762295","","2025-11-00","",""
"Tricky Kids","Standalone","For Sale","USD",25,"N/A","N/A","Pandasaurus Games","215","N/A","N/A",94,"447378","760594","","2025-10-00","",""
"365 Adventures: Cthulhu 1926","Standalone","For Sale","USD",20,"N/A","N/A","Pandasaurus Games","215","N/A","N/A",55,"436787","760589","","2025-09-19","",""
"365 Adventures: The Dungeon – 2026","Standalone","For Sale","USD",20,"N/A","N/A","Pandasaurus Games","215","N/A","N/A",61,"437252","760590","","2025-09-19","",""
"Duat","Standalone","For Sale","USD",40,"N/A","N/A","Unphazed Games","2937","N/A","N/A",15,"440609","749387","","2025-08-00","",""
"SpyOuts","Standalone","For Sale","USD",20,"N/A","N/A","Fambam Games","2567","N/A","N/A",5,"427157","725183","","2025-02-00","",""
"Super Boss Monster","Standalone","For Sale","USD",40,"N/A","N/A","Brotherwise Games","339","N/A","N/A",39,"415524","703720","","2025-04-23","",""
"Adulthood: Pet Projects","Expansion","For Sale","USD",12,"N/A","N/A","Brotherwise Games","339","N/A","N/A",37,"448394","762264","","2025-08-06","",""
"Super Boss Monster II: The Die is Cast","Standalone","Demo","N/A","N/A","N/A","N/A","Brotherwise Games","339","N/A","N/A",27,"448284","762086","","2026-10-00","",""
"Celestia","Standalone","For Sale","USD",29,"N/A","N/A","BLAM !","2435 (Hachette Boardgames USA)","N/A","N/A",97,"175117","753867","BLCEL27KPL2412","2025-08-27","",""
"Yogi (Second Edition)","Standalone","For Sale","USD",17,"N/A","N/A","Gigamic","2435 (Hachette Boardgames USA)","N/A","N/A",80,"425763","722590","","2025-08-02","",""
"Gwent: The Legendary Card Game","Standalone","For Sale","USD",45,"N/A","N/A","No Loading Games","2435 (Hachette Boardgames USA)","N/A","N/A",434,"434222","737459","","2025-09-00","",""
"Tag Team","Standalone","For Sale","USD",25,"N/A","N/A","Scorpion Masqué","2435 (Hachette Boardgames USA)","N/A","N/A",172,"434906","738420","","2025-09-24","",""
"Kronologic: Cuzco 1450","Standalone","For Sale","USD",28,"N/A","N/A","Super Meeple","2435 (Hachette Boardgames USA)","N/A","N/A",153,"406619","757594","","2025-10-02","",""
"Nekojima: Torii Pack","Expansion","For Sale","USD",17,"N/A","N/A","Unfriendly Games","2435 (Hachette Boardgames USA)","N/A","N/A",54,"422039","715936","","0000-00-00","Nov 2024",""
"Floral","Standalone","For Sale","USD",15,"N/A","N/A","Edition Spielwiese","2435 (Hachette Boardgames USA)","N/A","N/A",53,"422737","761280","","2025-07-02","",""
"Innovation Ultimate","Standalone","For Sale","USD",80,"N/A","N/A","Asmadi Games","1523","N/A","N/A",86,"388367","661124","ASMADI-0160-SEPT-2024","2025-05-01","",""
"Innovation","Standalone","For Sale","USD",22,"N/A","N/A","Asmadi Games","1523","N/A","N/A",67,"63888","752271","","2025-07-00","",""
"Good Puppers, Too!","Standalone","Demo","N/A","N/A","N/A","N/A","Asmadi Games","1523","N/A","N/A",29,"432916","736040","","2025-08-15","",""
"Boss Monster Junior","Standalone","Demo","N/A","N/A","N/A","N/A","Brotherwise Games","339","N/A","N/A",17,"448286","762088","","0000-00-00","Q3 2026",""
"Satchel Quest","Standalone","Demo","N/A","N/A","N/A","N/A","Weird City Games","2661","N/A","N/A",37,"359842","605400","","2026-10-00","",""
"March of the Ants: Evolved Edition","Standalone","Demo","N/A","N/A","N/A","N/A","Weird City Games","2661","N/A","N/A",157,"416079","704682","","2025-11-00","",""
"Yokohama Duel","Standalone","For Sale","USD",25,"N/A","N/A","Synapses Games","3039","N/A","N/A",44,"264637","743434","YOK03EN","2025-10-10","",""
"Zenith","Standalone","For Sale","USD",35,"N/A","N/A","PlayPunk","3039","N/A","N/A",70,"424219","762366","PPZEN235","2025-06-20","",""
"Snap Ships Tactics: Swarm Box","Expansion","For Sale","N/A","N/A","N/A","N/A","Snap Ships","557","N/A","N/A",5,"444708","756147","","2025-06-00","",""
"Snap Ships Tactics: Elite Ships","Expansion","For Sale","N/A","N/A","N/A","N/A","Snap Ships","557","N/A","N/A",6,"444709","756148","","2025-06-00","",""
"Everdell Silverfrost","Standalone","For Sale","USD",50,"N/A","N/A","Tabletop Tycoon Inc.","1819","N/A","N/A",43,"436821","741534","","2025-11-00","",""
"Everdell Silverfrost","Standalone","For Sale","USD",100,"N/A","N/A","Tabletop Tycoon Inc.","1819","N/A","N/A",50,"436821","742415","STG3201EN","2025-07-00","",""
"A War of Whispers: Expansion of Influence","Expansion","For Sale","USD",45,"N/A","N/A","Tabletop Tycoon Inc.","1819","N/A","N/A",20,"443181","753510","","2025-10-00","",""
"Mint-Tin Monster Mash-Up","Standalone","For Sale","USD",16,"N/A","N/A","Galen's Games","2438","N/A","N/A",25,"422205","716199","","0000-00-00","Q3 2025",""
"Heritage Farms","Standalone","For Sale","USD",16,"N/A","N/A","Galen's Games","2438","N/A","N/A",34,"422218","716223","","0000-00-00","Q3 2025",""
"Verdant Arizona","Standalone","For Sale","USD",16,"N/A","N/A","Galen's Games","2438","N/A","N/A",39,"422219","716224","","0000-00-00","Q3 2025",""
"Cretaceous Rails","Standalone","Demo","N/A","N/A","N/A","N/A","Spielcraft Games","(see listings)","N/A","N/A",78,"363547","616365","","2025-05-00","",""
"Primacy","Standalone","Demo","N/A","N/A","N/A","N/A","Spielcraft Games","(see listings)","N/A","N/A",13,"377946","645404","","2026-00-00","",""
"Super Trains","Standalone","For Sale","USD",55,"N/A","N/A","Treasure Falls Games","1906","N/A","N/A",11,"396563","761732","","2025-08-00","",""
"Naishi","Standalone","For Sale","USD",25,"N/A","N/A","Renegade Game Studios","1619","N/A","N/A",61,"423648","761733","RGS 02834","2025-09-00","",""
"LUCHA LUCHA Three Four Five","Standalone","For Sale","USD",20,"N/A","N/A","Whales Entertainment","2860","N/A","N/A",13,"436304","740722","","2025-09-00","",""
"Tailor Master: New Challenge 4+ Expansion","Expansion","For Sale","USD",15,"N/A","N/A","Whales Entertainment","2860","N/A","N/A",4,"445632","757672","WEG02010","2025-08-00","",""
"Werewolf: Duel!","Standalone","Demo","N/A","N/A","N/A","N/A","Whales Entertainment","2860","N/A","N/A",9,"436306","740725","","2025-12-00","",""
"Vines and Flowers: Blooming Harmony","Standalone","Demo","N/A","N/A","N/A","N/A","Whales Entertainment","2860","N/A","N/A",21,"424745","720642","","2026-03-00","",""
"The Elder Scrolls: Betrayal of the Second Era","Standalone","For Sale","USD",225,"N/A","N/A","Chip Theory Games","2627","N/A","N/A",100,"356080","598328","TES-GAME-001","2025-01-00","",""
"The Elder Scrolls: Betrayal of the Second Era – Valenwood","Expansion","For Sale","USD",45,"N/A","N/A","Chip Theory Games","2627","N/A","N/A",56,"383173","654697","TES-ADD-001","2025-00-00","Q2 2025",""
"Wroth","Standalone","For Sale","USD",65,"N/A","N/A","Chip Theory Games","2627","N/A","N/A",114,"414117","701459","","2025-05-00","",""
"Wroth: Paldeyn","Expansion","For Sale","USD",20,"N/A","N/A","Chip Theory Games","2627","N/A","N/A",36,"417507","707304","","2025-05-00","",""
"Wroth: Venna","Expansion","For Sale","USD",20,"N/A","N/A","Chip Theory Games","2627","N/A","N/A",36,"417506","707303","","2025-05-00","",""
"Tamagotchi Collections","Standalone","For Sale","USD",30,"N/A","N/A","Kess Co.","521","N/A","N/A",12,"435959","740004","","2025-10-00","",""
"Hunter X Hunter: The 287th Exams","Standalone","For Sale","USD",50,"N/A","N/A","Kess Co.","521","N/A","N/A",15,"446152","758451","2788","2025-08-00","",""
"Sonic Speed Battle","Standalone","For Sale","USD",20,"N/A","N/A","Kess Co.","521","N/A","N/A",8,"420919","713723","","2024-09-00","",""
"Canvas Critters","Standalone","Demo","N/A","N/A","N/A","N/A","Th3rd World Studios (3WS Games)","639","N/A","N/A",18,"414603","702187","","2025-08-00","",""
"FlipToons","Standalone","For Sale","USD",20,"N/A","N/A","Thunderworks Games","1521","N/A","N/A",242,"449185","763747","TWK1250","2025-10-00","",""
"12 Rivers","Standalone","For Sale","N/A","N/A","N/A","N/A","Good Games Publishing","1443","N/A","N/A",203,"447649","761081","GGP030","2025-10-00","",""
"Land vs Sea: Uncharted","Expansion","For Sale","N/A","N/A","N/A","N/A","Good Games Publishing","1443","N/A","N/A",63,"428385","727365","","2025-09-00","",""
"Cytress","Standalone","For Sale","N/A","N/A","N/A","N/A","Good Games Publishing","1443","N/A","N/A",59,"302099","494855","09024","2025-09-00","",""
"Martian Dice","Standalone","For Sale","USD",20,"N/A","N/A","Calliope Games","1803","N/A","N/A",28,"99875","747146","CLP146","2025-08-00","",""
"Roll For It!","Standalone","For Sale","USD",38,"N/A","N/A","Calliope Games","1803","N/A","N/A",20,"129090","762432","CLP225","2025-08-00","",""
"Qwirkle Flex","Standalone","For Sale","USD",30,"N/A","N/A","MindWare","2002","N/A","N/A",34,"448908","763192","","2025-08-00","",""
"Vegan Cafe","Standalone","Demo","N/A","N/A","N/A","N/A","Charming Games Collective","2569","N/A","N/A",10,"449453","764214","","2026-00-00","",""
"Uninvited Guests at a Wedding","Standalone","For Sale","USD",20,"N/A","N/A","Mozaic Games","2953","N/A","N/A",10,"448958","763304","","2025-07-15","",""
"Vine","Standalone","Demo","N/A","N/A","N/A","N/A","CavernWire Games","(See listing)","N/A","N/A",32,"421209","714249","","0000-00-00","Q2 2026",""
"Chit Chat","Standalone","For Sale","USD",22,"N/A","N/A","Helvetiq","809, 817, 1109 (asmodee)","N/A","N/A",3,"438467","744927","HL3890","2025-07-04","",""
"Pergola","Standalone","For Sale","USD",50,"N/A","N/A","Rebel Studio","809, 817, 1109 (asmodee)","N/A","N/A",62,"424573","720380","","2025-05-30","",""
"Altered: Whispers from the Maze","Expansion","For Sale","USD",4,"N/A","N/A","Equinox","809, 817, 929, 1109 (asmodee)","N/A","N/A",5,"447287","760432","","2025-06-06","",""
"INK","Standalone","For Sale","USD",45,"N/A","N/A","Final Score Games","809, 817, 1109 (asmodee)","N/A","N/A",33,"437301","742573","","2025-08-29","",""
"Quacks","Standalone","For Sale","USD",45,"N/A","N/A","CMYK","809, 817, 1109 (asmodee)","N/A","N/A",46,"244521","751315","","2025-07-00","",""
"Rhymes with Duck","Standalone","For Sale","USD",23,"N/A","N/A","Gray Matters Games","809, 817, 1109 (asmodee)","N/A","N/A",3,"446079","758352","","2025-07-25","",""
"The Hobbit: There and Back Again","Standalone","For Sale","USD",35,"N/A","N/A","Office Dog","809, 817, 1109 (asmodee)","N/A","N/A",73,"436215","740606","ODGRWM0101EN","2025-10-24","",""
"The Lord of the Rings: Fate of the Fellowship","Standalone","Demo","N/A","N/A","N/A","N/A","Z-Man Games","809, 817, 1109 (asmodee)","N/A","N/A",109,"436217","740610","ZMGPSM0101EN","2025-08-15","",""
"Toy Battle","Standalone","For Sale","USD",33,"N/A","N/A","Repos Production","809, 817, 1109 (asmodee)","N/A","N/A",49,"434654","738123","TOY-EN01","2025-05-02","",""
"REFINED","Standalone","Demo","N/A","N/A","N/A","N/A","Double P Production","First Exposure Playtest Hall (The Westin rooms 107-110)","N/A","N/A",12,"436504","741047","","2026-00-00","",""
"Siege of the Forgotten","Standalone","For Sale","N/A","N/A","N/A","N/A","Rising Empire Studios","2666","N/A","N/A",8,"449299","763897","","2025-08-00","",""
"Petiquette","Standalone","For Sale","USD",23,"N/A","N/A","Oink Games","943","N/A","N/A",46,"443982","764242","","2025-10-00","",""
"Wriggle Roulette","Standalone","For Sale","USD",23,"N/A","N/A","Oink Games","943","N/A","N/A",31,"443829","764240","","2025-11-00","",""
"TRND","Standalone","For Sale","USD",23,"N/A","N/A","Oink Games","943","N/A","N/A",18,"433075","735287","","2024-11-16","",""
"Dying Message","Standalone","For Sale","USD",23,"N/A","N/A","Oink Games","943","N/A","N/A",36,"418855","709759","","2024-05-02","",""
"ARCTICA","Standalone","Demo","N/A","N/A","N/A","N/A","This Way!","2965","N/A","N/A",44,"423309","718146","","2026-00-00","",""
"FOUNDERS","Standalone","Demo","N/A","N/A","N/A","N/A","This Way!","2965","N/A","N/A",18,"364732","619369","","2025-12-00","",""
"I C E: Second Edition","Standalone","Demo","N/A","N/A","N/A","N/A","This Way!","2965","N/A","N/A",104,"417219","706738","","2025-12-00","",""
"Guildlands","Standalone","For Sale","USD",40,"N/A","N/A","Outset Media","Hall B in the Event Hall","N/A","N/A",36,"447587","761002","","2025-07-31","",""
"Solar Gardens","Standalone","For Sale","USD",45,"N/A","N/A","Darrington Press","2841","N/A","N/A",38,"443283","753656","","2025-07-31","",""
"Sprout","Standalone","Demo","N/A","N/A","N/A","N/A","Rabble","2140","N/A","N/A",9,"424885","720908","","0000-00-00","Q1 2026",""
"Unmatched: Battle of Legends, Volume Three","Standalone","For Sale","USD",45,"N/A","N/A","Restoration Games","1731","N/A","N/A",44,"439765","747483","","2025-07-00","",""
"Hyperstar Run","Standalone","For Sale","USD",12,"USD",10,"Button Shy","2609","N/A","N/A",33,"430611","731077","#125","2025-05-00","",""
"Casinopolis","Standalone","For Sale","USD",12,"USD",10,"Button Shy","2609","N/A","N/A",62,"408828","693680","#126","2025-06-00","",""
"Cuckoo Shuffle: Skunks & Raccoons","Standalone","For Sale","USD",5,"N/A","N/A","Button Shy","2609","N/A","N/A",21,"449778","764717","","2025-07-31","",""
"Downtown Las Palmas","Standalone","Demo","N/A","N/A","N/A","N/A","Button Shy","2609","N/A","N/A",28,"434861","738367","#142","2025-11-28","",""
"BOOM! Patrol","Standalone","For Sale","USD",45,"N/A","N/A","Smirk & Dagger Games","429","N/A","N/A",16,"424002","719395","","2025-09-00","",""
"This Game Is Killer: Frozen Horror","Standalone","For Sale","USD",20,"N/A","N/A","Smirk & Dagger Games","429","N/A","N/A",27,"437370","742702","SND 1032","2025-08-00","",""
"A Place for All My Books","Standalone","For Sale","USD",60,"N/A","N/A","Smirk & Dagger Games","429","N/A","N/A",56,"431481","744705","","2025-08-00","",""
"Enthrone","Standalone","Demo","N/A","N/A","N/A","N/A","Smirk & Dagger Games","429","N/A","N/A",9,"431479","732587","","2025-09-00","",""
"Level Up","Standalone","For Sale","USD",10,"N/A","N/A","Ravensburger AG","2001","N/A","N/A",5,"36599","757790","","2025-06-00","",""
"Labyrinth","Standalone","For Sale","USD",23,"N/A","N/A","Ravensburger AG","2001","N/A","N/A",5,"1219","725340","22887","2025-11-00","",""
"Sweet Victory!","Standalone","For Sale","USD",25,"N/A","N/A","ThinkFun","2001","N/A","N/A",2,"442287","752068","","2025-07-00","",""
"Disney Lorcana: Reign of Jafar","Expansion","For Sale","USD",60,"N/A","N/A","Ravensburger AG","2001","N/A","N/A",7,"446207","758549","","2025-05-30","",""
"Sir Ocelot's Cave","Standalone","For Sale","USD",30,"N/A","N/A","Lookout Games","809, 817, 929, 1109 (asmodee)","N/A","N/A",14,"437821","743699","LOG0187","2025-05-00","",""
"Logic & Lore","Standalone","For Sale","USD",25,"N/A","N/A","Weird Giraffe Games","2609","N/A","N/A",25,"410238","695573","","2025-07-00","",""
"Elemystic","Standalone","For Sale","USD",10,"N/A","N/A","Wise Wizard Games","1423","N/A","N/A",11,"444024","754979","","2025-08-19","",""
"Stabbits!","Standalone","For Sale","USD",20,"N/A","N/A","MindWare","2002","N/A","N/A",1,"450278","765634","","2025-02-00","",""
"Seeker Chronicles","Standalone","For Sale","USD",15,"N/A","N/A","Wise Wizard Games","1423","N/A","N/A",12,"402526","765807","","2025-11-00","",""
"Actualize This","Standalone","Demo","N/A","N/A","N/A","N/A","Devotion Games","JW Marriott Grand Ballrooms 5","N/A","N/A",4,"450227","765542","","2025-12-00","",""
"Star Explorer","Standalone","For Sale","USD",30,"N/A","N/A","Queen Games","","N/A","N/A",9,"424995","741141","","2025-04-00","",""
"DOOM: The Dark Ages – Arena Board Game","Standalone","Demo","N/A","N/A","N/A","N/A","Modiphius Entertainment","1429","N/A","N/A",4,"451072","767167","","0000-00-00","?",""
"The Gang: Tools of the Trade","Expansion","For Sale","N/A","N/A","N/A","N/A","KOSMOS","259","N/A","N/A",21,"451125","767259","","2025-08-00","",""
"Cantankerous Cats (Third Edition)","Standalone","For Sale","N/A","N/A","N/A","N/A","Mentha Designs","123 (Indie Game Developer Network)","N/A","N/A",6,"436552","741115","MGJ-01-000","2025-03-07","",""
"Timeless Journeys: The Italian Grand Tour","Standalone","Demo","N/A","N/A","N/A","N/A","Lirius Games","Hall D (Double Exposure)","N/A","N/A",21,"388692","661684","","2026-09-00","",""
"Age of Comics: The Golden Years","Standalone","Demo","N/A","N/A","N/A","N/A","Lirius Games","Hall D (Double Exposure)","N/A","N/A",26,"349963","585468","","2023-12-00","",""
"Huddle: The Fantasy Football Game","Standalone","Demo","N/A","N/A","N/A","N/A","(Self-Published)","(See individual listings)","N/A","N/A",20,"428717","727952","","2025-00-00","",""
"Moana Nui","Standalone","Demo","N/A","N/A","N/A","N/A","Badgers from Mars","2957","N/A","N/A",6,"446895","759716","","2026-05-00","",""
"Regicide Legacy","Standalone","For Sale","USD",95,"N/A","N/A","Badgers from Mars","2957","N/A","N/A",32,"412963","699723","","2025-08-00","",""
"Peanuts: The Doctor Is In","Standalone","For Sale","USD",25,"N/A","N/A","Cryptozoic Entertainment","801","N/A","N/A",8,"442515","752405","","2025-07-23","",""
"Star Wars: Super Teams","Standalone","For Sale","USD",30,"N/A","N/A","Zygomatic","809, 817, 1109 (asmodee)","N/A","N/A",2,"448775","762949","","2025-09-03","",""
"Wanted Wombats","Standalone","For Sale","N/A","N/A","N/A","N/A","Barrel Aged Games","1930","N/A","N/A",24,"374071","748101","","2025-07-15","Q3 2025",""
"Petty Kingdoms","Standalone","Demo","N/A","N/A","N/A","N/A","Barrel Aged Games","1930","N/A","N/A",4,"422590","716909","","2025-07-15","Q1 2026",""
"Sniper Elite: Operation Kraken","Expansion","Demo","N/A","N/A","N/A","N/A","Rebellion Unplugged","559","N/A","N/A",17,"444239","755346","","2026-02-00","",""
"Heroes: Write & Conquer","Standalone","Demo","N/A","N/A","N/A","N/A","Hobby World","(See listings)","N/A","N/A",8,"429186","739812","","2025-00-00","Q4 2025",""
"Paradox Island","Standalone","Demo","N/A","N/A","N/A","N/A","Hobby World","(See listings)","N/A","N/A",36,"437168","742360","","2025-00-00","Q4 2025",""
"Furnace Duel","Standalone","Demo","N/A","N/A","N/A","N/A","Hobby World","(See listings)","N/A","N/A",77,"435861","739814","","2025-00-00","Q2 2026",""
"Tundra","Standalone","Demo","N/A","N/A","N/A","N/A","Hobby World","(See listings)","N/A","N/A",25,"432578","734372","","2025-00-00","Q4 2025",""
"Shackleton Base: A Journey to the Moon","Standalone","For Sale","USD",90,"N/A","N/A","Pandasaurus Games","215","N/A","N/A",172,"408180","737764","PANSHACKCORE","2025-06-00","",""
"KADO","Standalone","For Sale","USD",18,"N/A","N/A","Pandasaurus Games","215","N/A","N/A",39,"428317","750923","","2025-09-00","",""
"Paper World","Standalone","For Sale","USD",25,"N/A","N/A","Pandasaurus Games","215","N/A","N/A",68,"429020","750925","","2025-09-00","",""
"Digging For Dinos","Standalone","Demo","N/A","N/A","N/A","N/A","Th3rd World Studios (3WS Games)","639","N/A","N/A",32,"414633","702222","","0000-00-00","Q4 2025",""
"Cattywampus","Standalone","Demo","N/A","N/A","N/A","N/A","Th3rd World Studios (3WS Games)","639","N/A","N/A",26,"442509","752392","","0000-00-00","Q4 2025",""
"Relative Space","Standalone","Demo","N/A","N/A","N/A","N/A","Th3rd World Studios (3WS Games)","639","N/A","N/A",33,"442507","752389","","2026-00-00","",""
"Positano","Standalone","For Sale","USD",50,"N/A","N/A","SlugFest Games","1329","N/A","N/A",81,"383190","719294","","2025-05-00","",""
"Positano: The Crowded Cliffside","Expansion","For Sale","USD",35,"N/A","N/A","SlugFest Games","1329","N/A","N/A",31,"447770","761268","","2025-05-00","",""
"Coalition: Councils of the Republic","Standalone","Demo","N/A","N/A","N/A","N/A","Spoonbill Games","(See listing)","N/A","N/A",7,"426626","724344","","2026-06-00","",""
"Harvest: Fall Festival","Expansion","Demo","N/A","N/A","N/A","N/A","Keymaster Games","2113","N/A","N/A",45,"430313","730541","","2025-09-00","",""
"Gems of Iridescia","Standalone","For Sale","N/A","N/A","N/A","N/A","Rock, Stone & Dice Games","Hall B, Table Green 6","N/A","N/A",38,"396375","673712","RSD01001","2025-09-00","",""
"Cyberpunk Edgerunners: Combat Zone","Standalone","For Sale","USD",100,"N/A","N/A","Monster Fight Club","1553","N/A","N/A",10,"418067","708314","","2025-03-00","",""
"The Witcher: No Man's Land","Standalone","Demo","N/A","N/A","N/A","N/A","Monster Fight Club","1553","N/A","N/A",10,"447772","761275","","0000-00-00","Q4 2026",""
"Mindbug: Battlefruit Galaxy","Standalone","For Sale","USD",25,"N/A","N/A","Ghost Galaxy","2243","N/A","N/A",13,"419645","711324","","2025-04-02","",""
"The Lord of the Rings: The Confrontation","Standalone","Demo","N/A","N/A","N/A","N/A","Ghost Galaxy","2243","N/A","N/A",34,"18833","761929","","2026-03-00","Q1 2026",""
"Super Auto Pets Card Battle: Classic Pack","Standalone","Demo","N/A","N/A","N/A","N/A","Plaid Hat Games","2229","N/A","N/A",10,"450335","765802","","2026-03-00","",""
"Oh No, We Crashed!","Standalone","For Sale","N/A","N/A","N/A","N/A","Edition Spielwiese","2435 (Hachette Boardgames USA)","N/A","N/A",10,"449024","763419","","2025-08-06","",""
"Whisperwood","Standalone","Demo","N/A","N/A","N/A","N/A","Cardboard Alchemy","Hall B","N/A","N/A",30,"450830","766723","","2027-00-00","Q3 2027",""
"Santorini: Second Edition","Standalone","For Sale","N/A","N/A","N/A","N/A","Roxley","1456","N/A","N/A",14,"439107","746179","ROX 305","2025-04-02","",""
"Santorini: Riddle of the Sphinx","Expansion","For Sale","N/A","N/A","N/A","N/A","Roxley","1456","N/A","N/A",21,"383477","655281","ROX 311","2025-06-00","",""
"Santorini: Pantheon Edition","Standalone","For Sale","N/A","N/A","N/A","N/A","Roxley","1456","N/A","N/A",25,"386166","678468","ROX 306-C","2025-05-00","",""
"Excalibur","Standalone","Demo","N/A","N/A","N/A","N/A","Roxley","1456","N/A","N/A",56,"434172","737397","","2026-08-00","",""
"Rush of Ikorr","Standalone","For Sale","USD",20,"N/A","N/A","Upper Deck Entertainment","1205","N/A","N/A",4,"440008","748187","","2025-06-25","",""
"Severton","Standalone","Demo","N/A","N/A","N/A","N/A","Albi","229 (Ares Games)","N/A","N/A",46,"432709","734876","","2025-00-00","Q4 2025",""
"Crash Derby","Standalone","Demo","N/A","N/A","N/A","N/A","Albi","229 (Ares Games)","N/A","N/A",9,"444886","756418","","2025-11-05","",""
"Garden Lake","Standalone","Demo","N/A","N/A","N/A","N/A","Albi","229 (Ares Games)","N/A","N/A",42,"432711","734878","","2025-00-00","Q4 2025",""
"Karak II: Chaos","Expansion","Demo","N/A","N/A","N/A","N/A","Albi","229 (Ares Games)","N/A","N/A",7,"444882","756412","","2025-10-23","",""
"Karak: Labyrinth","Standalone","Demo","N/A","N/A","N/A","N/A","Albi","229 (Ares Games)","N/A","N/A",7,"444883","756414","","2026-02-12","",""
"Removal","Standalone","Demo","N/A","N/A","N/A","N/A","Albi","229 (Ares Games)","N/A","N/A",9,"444880","756407","","2025-09-02","Q4 2025",""
"Reptile Tank","Standalone","Demo","N/A","N/A","N/A","N/A","Albi","229 (Ares Games)","N/A","N/A",13,"444884","756416","","2025-07-00","",""
"Tea Garden: Puerh","Expansion","Demo","N/A","N/A","N/A","N/A","Albi","229 (Ares Games)","N/A","N/A",33,"444887","756420","","2025-10-23","",""
"TroubleZ Run! Revenge of the Jellynator","Standalone","Demo","N/A","N/A","N/A","N/A","Albi","229 (Ares Games)","N/A","N/A",4,"444879","756405","","2025-08-19","Q4 2025",""
"Star Trek: Star Realms – Borg: Invasion Expansion","Expansion","For Sale","USD",30,"N/A","N/A","UVS Games","2119","N/A","N/A",9,"446541","759111","STSR02","2025-10-00","",""
"BattleForge: Berserker","Standalone","Demo","N/A","N/A","N/A","N/A","Creative Games Studio LLC","562","N/A","N/A",7,"447090","760063","","0000-00-00","",""
"DANTE: Inferno","Standalone","Demo","N/A","N/A","N/A","N/A","Creative Games Studio LLC","562","N/A","N/A",15,"368309","626669","","2025-09-00","",""
"18RoyalGorge: The Rails of Fremont County and the Royal Gorge Wars","Standalone","For Sale","USD",75,"N/A","N/A","18Wood","501 (Mayfair Games)","N/A","N/A",28,"381671","651940","","2025-00-00","",""
"Sage Stones","Standalone","For Sale","USD",250,"N/A","N/A","TNT Laser Works LLC","112","N/A","N/A",12,"402637","753187","SSBS","2025-06-01","",""
"Petting Zoom","Standalone","Demo","N/A","N/A","N/A","N/A","Charming Games Collective","2569","N/A","N/A",6,"449451","764212","","0000-00-00","",""
"Dragon Mail","Standalone","Demo","N/A","N/A","N/A","N/A","Charming Games Collective","2569","N/A","N/A",11,"449452","764213","","2026-00-00","",""
"Merge Mountain","Standalone","Demo","N/A","N/A","N/A","N/A","Charming Games Collective","2569","N/A","N/A",10,"449454","764215","","0000-00-00","",""
"Use Up All Your Sick Days","Standalone","Demo","N/A","N/A","N/A","N/A","Charming Games Collective","2569","N/A","N/A",26,"449450","764211","","2026-05-00","",""
"Cryptid Cafe: The Chef's Apprentice","Standalone","For Sale","EUR",40,"N/A","N/A","Squatchy Games","1935","N/A","N/A",13,"393236","669067","","2025-01-00","",""
"Cryptid Cafe: The Chef's Apprentice – Halloween Dish Pack","Expansion","For Sale","USD",15,"N/A","N/A","Squatchy Games","1935","N/A","N/A",8,"438518","745104","","2025-03-00","",""
"OUTFOX the FOX","Standalone","Demo","N/A","N/A","N/A","N/A","Smirk & Dagger Games","429","N/A","N/A",11,"431480","732590","","2025-09-00","",""
"A Place for All My Books","Standalone","Demo","N/A","N/A","N/A","N/A","Smirk & Dagger Games","429","N/A","N/A",68,"431481","732592","","2025-09-00","",""
"Menagerie: Unlock the Wonders of a Miniature World","Standalone","For Sale","USD",20,"N/A","N/A","Moose Games","470","N/A","N/A",17,"450013","765148","","2025-09-00","",""
"Hello Kitty: Reach For The Stars Game","Standalone","For Sale","USD",15,"N/A","N/A","Moose Games","470","N/A","N/A",6,"450031","765169","","2025-00-00","",""
"Poppy Playtime: Factory Frenzy","Standalone","For Sale","USD",15,"N/A","N/A","Moose Games","470","N/A","N/A",3,"450032","765170","","0000-00-00","",""
"Battle Monsters: Godzilla vs. King Ghidorah","Standalone","Demo","N/A","N/A","N/A","N/A","Restoration Games","1731","N/A","N/A",29,"434430","737815","","2026-08-00","",""
"Camp Grizzly: Second Edition","Standalone","Demo","N/A","N/A","N/A","N/A","Trick or Treat Studios","1161","N/A","N/A",37,"449895","764945","","2026-08-00","",""
"Toppings","Standalone","Demo","N/A","N/A","N/A","N/A","Ludamus Games","See listing","N/A","N/A",11,"331857","552183","","0000-00-00","Q2 2026",""
"Meowdy Partner","Standalone","For Sale","USD",20,"N/A","N/A","MindWare","2002","N/A","N/A",6,"449399","764092","","2024-04-00","",""
"Ringer","Standalone","For Sale","USD",17,"N/A","N/A","MindWare","2002","N/A","N/A",9,"447793","761301","#14118764","2025-05-00","",""
"Four Forests","Standalone","For Sale","USD",15,"N/A","N/A","Gold Seal Games","1457","N/A","N/A",18,"413605","700699","","2025-07-00","",""
"Whiskers & Tails","Standalone","For Sale","USD",15,"N/A","N/A","Gold Seal Games","1457","N/A","N/A",12,"437304","742576","","2025-07-00","",""
"Horrified: Dungeons & Dragons","Standalone","For Sale","USD",35,"N/A","N/A","Ravensburger AG","2001","N/A","N/A",90,"437705","743397","","2025-10-00","",""
"Gloomies","Standalone","For Sale","USD",40,"N/A","N/A","Ravensburger AG","2001","N/A","N/A",20,"433386","745326","","2025-07-00","",""
"Disney Villainous Unstoppable!","Standalone","For Sale","USD",25,"N/A","N/A","Ravensburger AG","2001","N/A","N/A",10,"437654","743294","","2025-09-00","",""
"Disney Villainous: Treacherous Tides","Expansion","For Sale","USD",23,"N/A","N/A","Ravensburger AG","2001","N/A","N/A",25,"447298","760459","","2025-08-01","",""
"Minecraft: Builders & Biomes – Junior","Standalone","For Sale","USD",25,"N/A","N/A","Ravensburger AG","2001","N/A","N/A",7,"433380","735817","","2025-06-00","",""
"Star Wars Villainous: Cold Tactics","Standalone","For Sale","USD",23,"N/A","N/A","Ravensburger AG","2001","N/A","N/A",16,"447381","760598","","2025-08-01","",""
"Minecraft Labyrinth","Standalone","For Sale","USD",23,"N/A","N/A","Ravensburger AG","2001","N/A","N/A",4,"438657","745343","24684","2025-07-00","",""
"Eye Found It: Journey Through Time Card Game","Standalone","For Sale","USD",10,"N/A","N/A","Ravensburger AG","2001","N/A","N/A",2,"299833","761926","","2025-03-00","",""
"Parks (Second Edition)","Standalone","For Sale","USD",90,"N/A","N/A","Keymaster Games","2113","N/A","N/A",49,"437306","743395","","2025-04-22","",""
"Campy Creatures: Volume 1 (Third Edition)","Standalone","Demo","N/A","N/A","N/A","N/A","Keymaster Games","2113","N/A","N/A",24,"448446","762354","","2025-09-00","",""
"Umami","Standalone","Demo","N/A","N/A","N/A","N/A","HeidelBÄR Games","1003 / Room 235 (Czech Games Edition)","N/A","N/A",19,"449542","764356","HG019E","2025-09-00","",""
"Treasure of the Dwarves","Standalone","For Sale","N/A","N/A","N/A","N/A","Trick or Treat Studios","1161","N/A","N/A",19,"392099","667164","","2025-04-00","",""
"TROLLympics","Standalone","For Sale","N/A","N/A","N/A","N/A","Trick or Treat Studios","1161","N/A","N/A",10,"429516","729208","TPQTRLB1","2025-04-00","",""
"House of 1000 Corpses","Standalone","For Sale","N/A","N/A","N/A","N/A","Trick or Treat Studios","1161","N/A","N/A",16,"411391","697405","TPQHTB01","2025-02-00","",""
"Antiques Ghost Show","Standalone","For Sale","N/A","N/A","N/A","N/A","Trick or Treat Studios","1161","N/A","N/A",27,"449894","764944","","2025-09-00","",""
"Endangered Rescue #2: Lemur Leaf Frog","Standalone","For Sale","USD",11,"N/A","N/A","Grand Gamers Guild","2946","N/A","N/A",30,"449900","764950","","0000-00-00","",""
"Compile: Main 2","Standalone","For Sale","USD",25,"N/A","N/A","Synapses Games","3039","N/A","N/A",99,"440606","749381","","2025-10-10","",""
"Finding Calm","Standalone","For Sale","USD",25,"N/A","N/A","Rabble","2140","N/A","N/A",10,"431083","731910","","2025-04-30","",""
"Star Wars: Unlimited – Legends of the Force","Expansion","For Sale","USD",120,"N/A","N/A","Fantasy Flight Games","","N/A","N/A",6,"446975","759894","","2025-07-00","",""
"Spot it! Catan","Standalone","For Sale","USD",16,"N/A","N/A","Zygomatic","809, 817, 1109 (asmodee)","N/A","N/A",4,"448778","763103","","2025-08-01","",""
"Happy Mochi","Standalone","For Sale","USD",10,"N/A","N/A","Zygomatic","809, 817, 1109 (asmodee)","N/A","N/A",6,"438481","758535","ZYGHM0102ML","2025-06-20","",""
"Tetris: The Board Game","Standalone","Demo","N/A","N/A","N/A","N/A","Spin Master Ltd.","2727","N/A","N/A",6,"450941","766920","","2025-09-15","",""
"Mine Mine Mine","Standalone","For Sale","USD",10,"N/A","N/A","Spin Master Ltd.","2727","N/A","N/A",3,"450935","766908","","2025-07-15","",""
"Woof Woof Woof","Standalone","For Sale","USD",10,"N/A","N/A","Spin Master Ltd.","2727","N/A","N/A",3,"450936","766914","","2025-07-15","",""
"Cool Cool Cool","Standalone","For Sale","USD",10,"N/A","N/A","Spin Master Ltd.","2727","N/A","N/A",2,"373185","766910","","2025-07-15","",""
"Witch Hunt 1649","Standalone","Demo","N/A","N/A","N/A","N/A","Central Michigan University Press","2759","N/A","N/A",8,"366500","763509","","2025-00-00","Q1 2026",""
"Keep the Faith","Standalone","Demo","N/A","N/A","N/A","N/A","Central Michigan University Press","2759","N/A","N/A",6,"450946","766925","","2025-00-00","Q1 2026",""
"DOOM: Arena Board Game","Standalone","Demo","N/A","N/A","N/A","N/A","Modiphius Entertainment","1429","N/A","N/A",3,"451082","767187","","0000-00-00","?",""
"Tiny Tina's Wonderlands: The Chaos Chamber","Standalone","For Sale","USD",30,"N/A","N/A","Upper Deck Entertainment","1205","N/A","N/A",11,"439643","747283","","2025-07-30","",""
"Legendary: Game of Thrones Deck Building Game","Standalone","Demo","N/A","N/A","N/A","N/A","Upper Deck Entertainment","1205","N/A","N/A",22,"440775","749735","","2025-11-26","",""
"Classified Information","Standalone","For Sale","USD",20,"N/A","N/A","IncrediQuest Games","2211 (Surfin' Meeple)","N/A","N/A",14,"392471","667822","","2025-03-00","",""
"Mythic Gems","Standalone","For Sale","N/A","N/A","N/A","N/A","TNT Creative Gaming","(See listing)","N/A","N/A",3,"404187","686009","","2024-00-00","",""
"No Thanks!","Standalone","For Sale","N/A","N/A","N/A","N/A","AMIGO","1907","N/A","N/A",24,"12942","766816","","2025-08-00","",""
"Jerry Garcia's Cosmic Journey","Standalone","Demo","N/A","N/A","N/A","N/A","Twogether Studios","939","N/A","N/A",3,"450893","766828","","2026-01-00","",""
"Kickabout","Standalone","Demo","N/A","N/A","N/A","N/A","Galen's Games","2438","N/A","N/A",21,"450889","766823","","0000-00-00","",""
"That's an Order","Standalone","Demo","N/A","N/A","N/A","N/A","Galen's Games","2438","N/A","N/A",15,"450891","766825","","0000-00-00","",""
"Mint Mechs","Standalone","Demo","N/A","N/A","N/A","N/A","Galen's Games","2438","N/A","N/A",14,"450892","766826","","0000-00-00","",""
"Hard Drive","Standalone","Demo","N/A","N/A","N/A","N/A","Galen's Games","2438","N/A","N/A",15,"450890","766824","","0000-00-00","",""
"Cryptid Cafe: The Chef's Apprentice – Christmas Dish Pack","Expansion","For Sale","USD",15,"N/A","N/A","Squatchy Games","1935","N/A","N/A",8,"438517","745103","","2025-03-00","",""
"Sea Salt & Paper: Extra Pepper","Expansion","For Sale","USD",10,"N/A","N/A","Pandasaurus Games","215","N/A","N/A",168,"442250","762448","PSUSSAPEXP02","2025-11-00","",""
"Pixies: Flower Power","Expansion","For Sale","USD",10,"N/A","N/A","Pandasaurus Games","215","N/A","N/A",64,"441707","762447","","2025-11-00","",""
"The Mind: Soulmates","Standalone","For Sale","USD",25,"N/A","N/A","Pandasaurus Games","215","N/A","N/A",40,"378851","762449","","2025-09-00","",""
"SETI: Space Agencies","Expansion","Demo","N/A","N/A","N/A","N/A","Czech Games Edition (CGE)","1003, 245","N/A","N/A",131,"445048","756741","CGE00134","2025-10-23","",""
"Codenames: Pictures","Standalone","Demo","N/A","N/A","N/A","N/A","Czech Games Edition (CGE)","1003, 245","N/A","N/A",28,"198773","760585","","2025-12-00","",""
"Frank's Zoo","Standalone","Demo","N/A","N/A","N/A","N/A","HeidelBÄR Games","1003 / Room 235 (Czech Games Edition)","N/A","N/A",32,"340","764362","HG018E","2025-09-00","",""
"Mü & more: Revised Edition","Standalone","For Sale","USD",18,"N/A","N/A","HeidelBÄR Games","1003 / Room 235 (Czech Games Edition)","N/A","N/A",41,"429608","729383","","2025-03-00","",""
"Guildlands: Messenger's Guild Expansion","Expansion","For Sale","USD",0.0001,"N/A","N/A","Outset Media","Hall B in the Event Hall","N/A","N/A",7,"449548","764367","","2025-07-31","",""
"Nanatoridori","Standalone","For Sale","USD",20,"N/A","N/A","KTBG","2006","N/A","N/A",37,"387388","741197","","2025-09-00","",""
"Gems of Iridescia: Starlight of Iridescia","Expansion","Demo","N/A","N/A","N/A","N/A","Rock, Stone & Dice Games","Hall B, Table Green 6","N/A","N/A",10,"429769","729650","","2025-09-00","",""
"Angel's Share","Standalone","Demo","N/A","N/A","N/A","N/A","Capstone Games","3027","N/A","N/A",32,"440032","748218","","2026-02-00","",""
"Skull King: Expansion Pack","Expansion","For Sale","USD",10,"N/A","N/A","Grandpa Beck's Games","2643","N/A","N/A",27,"449808","764774","","2025-07-31","",""
"Refuge","Standalone","For Sale","USD",30,"N/A","N/A","Pandasaurus Games","215","N/A","N/A",12,"428457","765791","","2025-11-00","",""
"Planet Unknown: Supermoon","Expansion","For Sale","USD",35,"N/A","N/A","Adam's Apple Games, LLC","1739","N/A","N/A",35,"393509","669469","","2025-07-00","",""
"Tatsumi","Standalone","Demo","N/A","N/A","N/A","N/A","Adam's Apple Games, LLC","1739","N/A","N/A",21,"366089","622033","","2025-10-00","Q1 2026",""
"Defenders of the Dictionary","Standalone","Demo","N/A","N/A","N/A","N/A","Adam's Apple Games, LLC","1739","N/A","N/A",18,"388641","661566","","2024-00-00","Q3 2026",""
"KeyForge: Prophetic Visions","Standalone","For Sale","USD",15,"N/A","N/A","Ghost Galaxy","2243","N/A","N/A",6,"433404","735849","","2025-07-18","",""
"KeyForge: Crucible Clash","Standalone","For Sale","USD",15,"N/A","N/A","Ghost Galaxy","2243","N/A","N/A",8,"450719","766539","","2025-07-00","",""
"Mindbug: Battlefruit Kingdom","Standalone","For Sale","USD",25,"N/A","N/A","Ghost Galaxy","2243","N/A","N/A",16,"419642","711321","","2025-04-02","",""
"How Many What?!","Standalone","For Sale","USD",20,"N/A","N/A","The Op Games","See each game listing","N/A","N/A",15,"440458","749086","","2025-06-00","",""
"Star Wars: Battle of Hoth","Standalone","For Sale","USD",60,"N/A","N/A","Days of Wonder","809, 817, 1109 (asmodee)","N/A","N/A",124,"444481","755719","","2025-08-29","",""
"DC Deck-Building Game: Convention Promo Pack 2025","Expansion","For Sale","USD",10,"N/A","N/A","Cryptozoic Entertainment","801","N/A","N/A",9,"450473","766046","","2025-08-00","",""
"DC Deck-Building Game: Rivals – Superman vs. Lex Luthor","Standalone","For Sale","USD",30,"N/A","N/A","Cryptozoic Entertainment","801","N/A","N/A",9,"450088","765279","","2025-07-31","",""
"DC Deck-Building Game: Arkham Asylum","Standalone","For Sale","USD",55,"N/A","N/A","Cryptozoic Entertainment","801","N/A","N/A",16,"428244","727100","","2025-08-00","",""
"DC Deck-Building Game: Arkham Asylum – Shadows Expansion","Expansion","For Sale","USD",25,"N/A","N/A","Cryptozoic Entertainment","801","N/A","N/A",10,"447389","760617","","2025-08-00","",""
"DC Deck-Building Game: Teen Titans Go!","Standalone","For Sale","USD",35,"N/A","N/A","Cryptozoic Entertainment","801","N/A","N/A",8,"221369","745583","","2025-08-00","",""
"DC Deck-Building Game: Tim Drake/Tech Detective","Expansion","For Sale","USD",0.0001,"N/A","N/A","Cryptozoic Entertainment","801","N/A","N/A",3,"450478","766051","","2025-08-00","",""
"String Theory","Standalone","Demo","N/A","N/A","N/A","N/A","Tessellation Games LLC","Hall A blue 25","N/A","N/A",9,"413220","700125","","0000-00-00","Q1 2027",""
"Brick Like This!","Standalone","For Sale","USD",20,"N/A","N/A","Dotted Games","809, 817, 1109 (asmodee)","N/A","N/A",8,"439310","746599","DOTGM2","2025-08-01","",""
"Forest Shuffle: Dartmoor","Standalone","For Sale","USD",28,"N/A","N/A","Lookout Games","809, 817, 929, 1109 (asmodee)","N/A","N/A",178,"438402","744681","","2025-09-00","",""
"CookieRun: Braverse Trading Card – Brave Beginning","Expansion","For Sale","USD",98,"N/A","N/A","Devsisters Corporation","3039 (Luma Imports)","N/A","N/A",6,"448694","762809","","2025-07-11","",""
"CookieRun: Braverse Trading Card Game – Starter Deck Red","Expansion","For Sale","USD",13,"N/A","N/A","Devsisters Corporation","3039 (Luma Imports)","N/A","N/A",2,"448998","763369","DVT01001","2025-07-11","",""
"CookieRun: Braverse TCG – Starter Deck Green","Expansion","For Sale","USD",13,"N/A","N/A","Devsisters Corporation","3039 (Luma Imports)","N/A","N/A",3,"449000","763371","DVT01003","2025-07-11","",""
"CookieRun: Braverse TCG – Starter Deck Blue","Expansion","For Sale","USD",13,"N/A","N/A","Devsisters Corporation","3039 (Luma Imports)","N/A","N/A",4,"449001","763372","DVT01004","2025-07-11","",""
"CookieRun: Braverse TCG – Starter Deck Yellow","Expansion","For Sale","USD",13,"N/A","N/A","Devsisters Corporation","3039 (Luma Imports)","N/A","N/A",2,"448999","763370","DVT01002","2025-07-11","",""
"CookieRun: Braverse TCG – Starter Deck Purple","Expansion","For Sale","USD",13,"N/A","N/A","Devsisters Corporation","3039 (Luma Imports)","N/A","N/A",2,"449002","763373","DVT01005","2025-07-11","",""
"Timber Town","Standalone","For Sale","USD",25,"N/A","N/A","Alley Cat Games","2052","N/A","N/A",94,"436561","741146","ACG094","2025-09-00","",""
"Calimala","Standalone","For Sale","USD",50,"N/A","N/A","Alley Cat Games","2052","N/A","N/A",57,"199383","670880","","2025-06-00","",""
"Barbecubes","Standalone","For Sale","USD",13,"N/A","N/A","Alley Cat Games","2052","N/A","N/A",51,"393114","668815","ACG071","2025-05-00","",""
"How to Save a World","Standalone","For Sale","USD",50,"N/A","N/A","Burnt Island Games","2006","N/A","N/A",80,"406232","689352","","2025-06-00","",""
"Lairs","Standalone","Demo","N/A","N/A","N/A","N/A","KTBG","2006","N/A","N/A",51,"404883","687085","","2026-02-00","",""
"River Market","Standalone","Demo","N/A","N/A","N/A","N/A","KTBG","2006","N/A","N/A",38,"435311","738929","","2026-11-00","",""
"Verdun","Standalone","For Sale","USD",33,"N/A","N/A","Dragon Dawn Productions","Envoy area","N/A","N/A",14,"411937","698210","","2025-04-00","",""
"Justice","Standalone","For Sale","USD",33,"N/A","N/A","Dragon Dawn Productions","Envoy area","N/A","N/A",7,"395004","671816","","2024-10-00","",""
"Beasts and Diplomacy","Standalone","Demo","N/A","N/A","N/A","N/A","Dragon Dawn Productions","Envoy area","N/A","N/A",12,"423194","717935","","2026-07-00","",""
"Tricky Seasons: Finland","Standalone","Demo","N/A","N/A","N/A","N/A","Dragon Dawn Productions","Envoy area","N/A","N/A",4,"443041","753276","","0000-00-00","Q2 2026",""
"Quantum Tricks","Standalone","Demo","N/A","N/A","N/A","N/A","Dragon Dawn Productions","Envoy area","N/A","N/A",7,"448436","762330","","0000-00-00","Q2 2026",""
"CookieRun Braverse Trading Card Game","Standalone","For Sale","USD",98,"N/A","N/A","Devsisters Corporation","3039 (Luma Imports)","N/A","N/A",3,"416971","764759","","2025-07-11","",""
"Parks (Second Edition)","Standalone","For Sale","USD",60,"N/A","N/A","Keymaster Games","2113","N/A","N/A",74,"437306","742579","","2025-04-22","",""
"Railroad Tiles","Standalone","For Sale","USD",40,"N/A","N/A","Horrible Guild","2136","N/A","N/A",95,"418062","708308","","2025-07-12","",""
"Similo","Standalone","For Sale","USD",10,"N/A","N/A","Horrible Guild","2136","N/A","N/A",33,"268620","757315","HG270","2025-07-00","",""
"Evergreen: Cherry Blossoms and Bamboo","Expansion","For Sale","USD",18,"N/A","N/A","Horrible Guild","2136","N/A","N/A",65,"448442","762339","HG227","2025-11-00","",""
"Don Quixote: The Ingenious Hidalgo","Standalone","For Sale","USD",36,"N/A","N/A","Llamascape Games","2211  (Surfin Meeple USA)","N/A","N/A",24,"417317","706912","","2025-04-00","",""
"Necromancer","Standalone","For Sale","USD",25,"N/A","N/A","Kobold Press","1649","N/A","N/A",8,"441557","750928","","2025-08-00","",""
"Fateforge: Chronicles of Kaan – Kin of the Wild","Expansion","For Sale","USD",40,"N/A","N/A","Mighty Boards","353","N/A","N/A",24,"432589","734391","","2025-11-00","",""
"Beer Mug Dice","Standalone","For Sale","USD",23,"N/A","N/A","Playte","2663 (BGnations)","N/A","N/A",22,"148531","760407","","0000-00-00","Q2 2025",""
"Digit Code","Standalone","For Sale","USD",17,"N/A","N/A","Playte","2663 (BGnations)","N/A","N/A",32,"437781","743575","","2025-02-00","",""
"Meow Meow Dice","Standalone","For Sale","USD",25,"N/A","N/A","Playte","2663 (BGnations)","N/A","N/A",32,"440029","748213","","2025-04-05","",""
"Zombie Dot!","Standalone","For Sale","USD",15,"N/A","N/A","Playte","2663 (BGnations)","N/A","N/A",26,"393359","752704","","2025-00-00","Q2 2025",""
"Tic Tac Trek","Standalone","For Sale","USD",13,"N/A","N/A","Alley Cat Games","2052","N/A","N/A",36,"438940","745871","","2025-05-00","",""
"Message in a Bottle","Standalone","For Sale","USD",18,"N/A","N/A","Alley Cat Games","2052","N/A","N/A",20,"411420","697470","ACG092","2025-05-00","",""
"Holiday Hijinks #11: The New Year Nightmare","Standalone","For Sale","USD",11,"N/A","N/A","Grand Gamers Guild","2946","N/A","N/A",52,"428297","727211","","2025-11-00","",""
"Holiday Hijinks #10: The Leprechaun Larceny","Standalone","For Sale","USD",11,"N/A","N/A","Grand Gamers Guild","2946","N/A","N/A",51,"428296","727210","","2025-11-00","",""
"Holiday Hijinks #12: The Krampus Caper","Standalone","For Sale","USD",11,"N/A","N/A","Grand Gamers Guild","2946","N/A","N/A",49,"428298","727212","","2025-11-00","",""
"Journey to Tír na nÓg","Standalone","For Sale","USD",11,"N/A","N/A","Grand Gamers Guild","2946","N/A","N/A",65,"426349","723803","","2025-10-09","",""
"Tír na nÓg: Blessings & Burdens","Expansion","For Sale","USD",25,"N/A","N/A","Grand Gamers Guild","2946","N/A","N/A",62,"428544","727674","","2025-10-09","",""
"The Dark Quarter","Standalone","For Sale","USD",60,"N/A","N/A","Lucky Duck Games","2927","N/A","N/A",50,"354768","595663","","2025-06-27","",""
"Borealis: Arctic Expeditions","Standalone","Demo","N/A","N/A","N/A","N/A","Lucky Duck Games","2927","N/A","N/A",37,"448116","761804","SKU: LKY BAE-R01-EN","2026-01-09","",""
"The Sims Board Game","Standalone","For Sale","USD",20,"N/A","N/A","Goliath Games","2927 (Lucky Duck Games)","N/A","N/A",22,"448450","762360","","2025-09-00","",""
"Valkyrie: A Black Orchestra Game","Standalone","For Sale","USD",45,"N/A","N/A","Tabletop Tycoon Inc.","1819","N/A","N/A",31,"432146","733701","","2025-09-00","",""
"Black Orchestra: Resistance","Expansion","For Sale","USD",45,"N/A","N/A","Tabletop Tycoon Inc.","1819","N/A","N/A",23,"432144","733699","","2025-09-00","",""
"Everdell Duo","Standalone","For Sale","USD",38,"N/A","N/A","Starling Games (II)","1819 (Tabletop Tycoon)","N/A","N/A",54,"425005","721159","STG2698EN","2025-04-04","",""
"Trailblazer: The Arizona Trail","Standalone","For Sale","USD",59,"N/A","N/A","Mariposa Games","1819 (Tabletop Tycoon)","N/A","N/A",36,"372967","636275","","2025-04-00","",""
"エスペライゼーション (Gibberers: The Word Game of Language Invention and Civilization Development)","Standalone","For Sale","N/A","N/A","N/A","N/A","Hobby Japan","254","N/A","N/A",51,"380109","722533",,,,""
"さいころ民主主義: デメクラシー (Dice Democracy)","Standalone","For Sale","N/A","N/A","N/A","N/A","Hobby Japan","254","N/A","N/A",16,"447621","761046","","2025-07-00","",""
"Above and Below: Haunted","Standalone","For Sale","N/A","N/A","N/A","N/A","Red Raven Games","239","N/A","N/A",88,"423553","718575","","2025-07-30","",""
"Creature Caravan","Standalone","For Sale","N/A","N/A","N/A","N/A","Red Raven Games","239","N/A","N/A",111,"385331","656421","","2024-10-16","",""
"Six Sojourns: Deluxe Edition","Standalone","Demo","N/A","N/A","N/A","N/A","Red Raven Games","239","N/A","N/A",37,"442522","752422","","2025-11-21","",""
"Fight 5","Standalone","For Sale","USD",25,"N/A","N/A","Chip Theory Games","2627","N/A","N/A",32,"448488","762428","","2025-07-31","",""
